player_name,age,date_of_birth,value_gbp,overall_fifa_rating,rating_per_gbp,rating_per_gbp_over_74,nationality,club,player_positions,preferred_foot,weak_foot,skill_moves,work_rate,height_cm,weight_kg,body_type,player_tags,team_position,team_jersey_number,nation_position,nation_jersey_number,pace,shooting,passing,dribbling,defending,physic,gk_diving,gk_handling,gk_kicking,gk_reflexes,gk_speed,gk_positioning,player_traits,attacking_crossing,attacking_finishing,attacking_heading_accuracy,attacking_short_passing,attacking_volleys,skill_dribbling,skill_curve,skill_fk_accuracy,skill_long_passing,skill_ball_control,movement_acceleration,movement_sprint_speed,movement_agility,movement_reactions,movement_balance,power_shot_power,power_jumping,power_stamina,power_strength,power_long_shots,mentality_aggression,mentality_interceptions,mentality_positioning,mentality_vision,mentality_penalties,mentality_composure,defending_marking,defending_standing_tackle,defending_sliding_tackle,goalkeeping_diving,goalkeeping_handling,goalkeeping_kicking,goalkeeping_positioning,goalkeeping_reflexes
João Miranda de Souza Filho,34,1984-09-07,540000.0,83,1.6666666666666667e-05,1.6666666666666667e-05,Brazil,Jiangsu Suning FC,CB,Right,3,2,Medium/High,186,78,Lean,,RCB,13.0,,,64.0,49.0,60.0,68.0,84.0,74.0,,,,,,,,48,43,80,70,51,67,32,39,69,71,62,66,61,80,57,70,81,59,77,41,82,85,43,58,49,81,85,85,83,12,6,10,13,12
Gianluigi Buffon,41,1978-01-28,720000.0,83,1.25e-05,1.25e-05,Italy,Juventus,GK,Right,2,1,Medium/Medium,192,92,Normal,,SUB,77.0,,,,,,,,,78.0,77.0,74.0,80.0,33.0,91.0,"Giant Throw-in, Second Wind",13,15,13,37,17,26,20,13,35,28,37,30,55,80,49,56,71,34,69,13,38,28,12,50,22,70,13,11,11,78,77,74,91,80
Iker Casillas Fernández,38,1981-05-20,720000.0,83,1.25e-05,1.25e-05,Spain,FC Porto,GK,Left,2,1,Medium/Medium,185,84,Normal,,RES,1.0,,,,,,,,,85.0,75.0,61.0,84.0,55.0,86.0,"Flair, Second Wind",13,12,25,21,14,25,25,13,22,23,56,55,60,79,46,46,77,41,70,13,23,22,16,62,24,70,24,11,13,85,75,61,86,84
Rune  Almenning Jarstein,34,1984-09-29,720000.0,83,1.25e-05,1.25e-05,Norway,Hertha BSC,GK,Right,4,1,Medium/Medium,190,86,Normal,,GK,22.0,GK,1.0,,,,,,,79.0,82.0,76.0,84.0,43.0,86.0,Acrobatic Clearance,18,13,16,34,16,11,10,14,34,23,40,46,35,76,45,57,59,31,70,18,34,19,15,37,13,55,12,11,13,79,82,76,86,84
Fabio Quagliarella,36,1983-01-31,1440000.0,83,6.25e-06,6.25e-06,Italy,Sampdoria,ST,Right,4,4,Medium/Medium,180,79,Normal,"#Distance Shooter, #Clinical Finisher",ST,27.0,SUB,21.0,69.0,89.0,75.0,80.0,30.0,65.0,,,,,,,"Avoids Using Weaker Foot, Beat Offside Trap, Leadership, Argues with Officials, Speed Dribbler (CPU AI Only)",66,89,69,79,88,79,78,78,73,84,70,68,71,84,76,90,68,65,74,89,44,26,87,77,85,84,35,21,15,6,7,5,4,4
Stéphane Ruffier,32,1986-09-27,2160000.0,84,4.6296296296296296e-06,4.6296296296296296e-06,France,AS Saint-Étienne,GK,Right,3,1,Medium/Medium,188,93,Stocky,,GK,16.0,,,,,,,,,82.0,84.0,75.0,82.0,48.0,85.0,Flair Passes,11,11,12,33,13,12,17,12,34,15,45,50,51,79,55,56,72,37,76,11,31,25,12,49,25,66,13,12,11,82,84,75,85,82
Zlatan Ibrahimović,37,1981-10-03,2520000.0,85,4.365079365079365e-06,4.365079365079365e-06,Sweden,LA Galaxy,ST,Right,4,5,Medium/Low,195,95,Normal,"#Poacher, #Aerial Threat, #Distance Shooter, #Strength, #Clinical Finisher, #Complete Forward",ST,9.0,,,56.0,88.0,77.0,77.0,34.0,78.0,,,,,,,"Selfish, Argues with Officials, Long Passer (CPU AI Only), Speed Dribbler (CPU AI Only), Crowd Favourite",70,86,83,77,88,77,80,78,73,84,57,55,72,82,39,90,68,59,87,88,84,20,91,84,89,90,28,37,24,13,15,10,9,12
Giorgio Chiellini,34,1984-08-14,3600000.0,89,4.166666666666667e-06,4.166666666666667e-06,Italy,Juventus,CB,Left,3,2,Medium/High,187,85,Normal,"#Tackling , #Tactician , #Strength, #Complete Defender",LCB,3.0,LCB,3.0,68.0,46.0,58.0,60.0,90.0,82.0,,,,,,,"Inflexible, Power Free-Kick, Injury Prone, Long Passer (CPU AI Only)",54,33,83,65,45,59,60,31,65,61,61,73,57,82,57,78,89,59,89,49,91,88,28,50,50,84,94,91,89,3,3,2,4,3
Samir Handanovič,34,1984-07-14,4320000.0,88,3.2407407407407406e-06,3.2407407407407406e-06,Slovenia,Inter,GK,Right,2,1,Medium/Medium,193,92,Normal,,GK,1.0,,,,,,,,,88.0,85.0,69.0,89.0,53.0,89.0,"Flair, Giant Throw-in",12,10,10,36,12,12,12,14,34,16,51,55,47,83,36,52,78,41,71,19,25,22,12,41,23,69,25,10,13,88,85,69,89,89
Raúl Albiol Tortajada,33,1985-09-04,2880000.0,83,3.125e-06,3.125e-06,Spain,Villarreal CF,CB,Right,3,2,Low/High,190,82,Lean,"#Tackling , #Tactician ",RCB,3.0,,,48.0,41.0,61.0,63.0,86.0,72.0,,,,,,,,38,27,77,74,31,59,53,45,72,71,50,46,53,82,56,65,76,45,81,53,81,86,30,57,37,75,89,87,85,8,6,5,9,8
Thiago Emiliano da Silva,34,1984-09-22,4320000.0,87,3.0092592592592593e-06,3.0092592592592593e-06,Brazil,Paris Saint-Germain,CB,Right,3,2,Medium/High,183,82,Normal,"#Tackling , #Tactician ",LCB,2.0,,,62.0,54.0,72.0,72.0,87.0,78.0,,,,,,,"Avoids Using Weaker Foot, Long Passer (CPU AI Only)",60,40,81,80,61,67,62,61,80,80,60,64,67,82,67,71,90,71,81,65,76,90,59,70,60,86,88,88,85,9,12,5,9,10
Vincent Kompany,33,1986-04-10,3600000.0,83,2.5e-06,2.5e-06,Belgium,RSC Anderlecht,CB,Right,3,2,Medium/High,190,85,Normal,#Strength,LCB,4.0,CB,4.0,50.0,53.0,65.0,64.0,84.0,79.0,,,,,,,"Power Free-Kick, Injury Prone, Giant Throw-in",61,45,83,73,46,63,61,52,66,70,48,51,50,80,41,73,61,65,87,55,83,82,41,59,63,81,85,85,81,10,9,5,8,6
Ezequiel Marcelo Garay,32,1986-10-10,4320000.0,83,2.0833333333333334e-06,2.0833333333333334e-06,Argentina,Valencia CF,CB,Right,3,2,Medium/Medium,189,90,Normal,#Strength,RCB,24.0,,,43.0,60.0,67.0,62.0,82.0,81.0,,,,,,,Power Free-Kick,62,51,80,72,49,60,55,74,72,70,40,45,51,77,33,80,79,66,90,64,80,83,42,63,69,77,82,83,83,14,6,13,13,14
Radamel Falcao García Zárate,33,1986-02-10,4320000.0,83,2.0833333333333334e-06,2.0833333333333334e-06,Colombia,AS Monaco,ST,Right,4,3,High/Medium,177,72,Normal,,LS,9.0,ST,9.0,65.0,82.0,69.0,77.0,43.0,72.0,,,,,,,"Beat Offside Trap, Long Passer (CPU AI Only), Speed Dribbler (CPU AI Only)",55,86,89,78,83,74,81,72,58,81,66,64,75,82,75,78,90,67,72,77,73,41,90,70,81,85,39,42,19,10,13,6,9,5
Diego Godín,33,1986-02-16,7200000.0,88,1.9444444444444444e-06,1.9444444444444444e-06,Uruguay,Inter,CB,Right,3,2,Medium/High,187,78,Lean,"#Tackling , #Tactician ",RCB,2.0,,,60.0,48.0,64.0,61.0,89.0,83.0,,,,,,,"Injury Prone, Long Passer (CPU AI Only)",52,42,88,79,47,53,49,49,70,74,61,60,57,81,53,67,90,65,89,43,88,87,48,52,50,82,90,89,87,6,8,15,5,15
Lucas  Pezzini Leiva,32,1987-01-09,5400000.0,84,1.8518518518518519e-06,1.8518518518518519e-06,Brazil,Lazio,CDM,Right,3,3,Medium/High,179,78,Normal,#Tactician ,LDM,6.0,,,62.0,66.0,76.0,78.0,83.0,73.0,,,,,,,Injury Prone,63,62,72,82,59,77,74,47,81,79,64,61,77,82,80,77,81,82,63,66,83,87,66,81,61,86,82,84,81,10,8,8,5,6
Sami Khedira,32,1987-04-04,4950000.0,83,1.818181818181818e-06,1.818181818181818e-06,Germany,Juventus,"CM, CDM",Right,4,2,Medium/High,189,90,Normal,#Strength,RES,6.0,,,51.0,74.0,78.0,77.0,80.0,80.0,,,,,,,Power Free-Kick,72,68,76,85,78,80,64,60,81,83,48,53,55,84,54,82,66,68,87,78,82,84,78,78,68,84,80,82,74,11,9,5,15,8
Keylor Navas,32,1986-12-15,7200000.0,87,1.8055555555555555e-06,1.8055555555555555e-06,Costa Rica,Real Madrid,GK,Right,3,1,Medium/Medium,185,80,Normal,,SUB,1.0,,,,,,,,,90.0,81.0,75.0,90.0,53.0,82.0,"Flair, Second Wind",11,15,11,30,11,16,11,15,37,19,54,53,60,84,61,56,74,39,75,13,32,20,16,68,25,67,28,14,14,90,81,75,82,90
Fernando Luiz Rosa,34,1985-05-04,7200000.0,87,1.8055555555555555e-06,1.8055555555555555e-06,Brazil,Manchester City,CDM,Right,4,3,Medium/High,179,67,Lean,#Tactician ,CDM,25.0,,,66.0,74.0,79.0,78.0,84.0,79.0,,,,,,,Argues with Officials,68,69,66,86,74,77,70,72,83,82,68,64,69,89,77,83,78,79,76,78,87,89,70,78,61,81,87,86,80,12,11,5,13,7
Salvatore Sirigu,32,1987-01-12,5850000.0,84,1.7094017094017095e-06,1.7094017094017095e-06,Italy,Torino,GK,Right,2,1,Medium/Medium,192,80,Normal,,GK,39.0,SUB,1.0,,,,,,,84.0,80.0,76.0,82.0,51.0,84.0,"Diver, Flair",13,10,11,23,12,15,11,11,28,18,50,51,52,79,55,57,68,34,66,14,34,20,10,55,19,62,14,11,13,84,80,76,84,82
Jiří Pavlenka,27,1992-04-14,5850000.0,84,1.7094017094017095e-06,1.7094017094017095e-06,Czech Republic,SV Werder Bremen,GK,Right,3,1,Medium/Medium,196,81,Lean,,GK,1.0,SUB,23.0,,,,,,,86.0,79.0,70.0,88.0,36.0,80.0,Flair Passes,11,16,14,28,19,12,10,14,17,19,35,37,39,82,27,53,36,20,68,17,22,13,14,25,18,39,12,10,14,86,79,70,80,88
Marek Hamšík,31,1987-07-27,6120000.0,84,1.633986928104575e-06,1.633986928104575e-06,Slovakia,Dalian YiFang FC,CM,Right,5,3,High/Medium,183,73,Normal,#Playmaker  ,CAM,17.0,,,69.0,77.0,83.0,83.0,72.0,69.0,,,,,,,"Argues with Officials, Finesse Shot, Giant Throw-in",78,74,74,86,77,84,80,70,83,85,70,68,77,88,67,82,70,81,67,78,60,72,85,86,70,84,75,70,62,8,6,4,14,14
Luka Modrić,33,1985-09-09,10800000.0,90,1.4814814814814815e-06,1.4814814814814815e-06,Croatia,Real Madrid,CM,Right,4,4,High/High,172,66,Lean,"#Dribbler, #Playmaker  , #Crosser, #Acrobat, #Complete Midfielder",RCM,10.0,,,74.0,76.0,89.0,89.0,72.0,66.0,,,,,,,"Argues with Officials, Finesse Shot, Speed Dribbler (CPU AI Only), Crowd Favourite",86,72,55,92,76,87,85,78,88,92,77,71,92,89,93,79,68,85,58,82,62,82,79,91,82,92,68,76,71,13,9,7,14,9
Éver Maximiliano David Banega,31,1988-06-29,6300000.0,83,1.4285714285714286e-06,1.4285714285714286e-06,Argentina,Sevilla FC,"CDM, CM, CAM",Right,4,4,High/Medium,174,71,Normal,,RCM,10.0,,,61.0,73.0,84.0,82.0,77.0,70.0,,,,,,,"Selfish, Leadership, Finesse Shot, Speed Dribbler (CPU AI Only)",80,68,55,86,65,83,83,81,85,85,64,59,74,78,79,76,57,70,67,80,83,79,75,84,78,80,80,79,78,13,8,7,7,10
João Filipe Iria Santos Moutinho,32,1986-09-08,7200000.0,84,1.388888888888889e-06,1.388888888888889e-06,Portugal,Wolverhampton Wanderers,CM,Right,4,3,High/High,170,61,Normal,#Playmaker  ,LCM,28.0,SUB,8.0,56.0,75.0,85.0,82.0,71.0,67.0,,,,,,,Finesse Shot,81,73,70,87,76,81,84,81,85,85,60,53,75,76,85,76,72,78,60,79,71,72,74,86,70,88,71,72,67,13,15,15,13,13
David Josué Jiménez Silva,33,1986-01-08,10800000.0,88,1.2962962962962962e-06,1.2962962962962962e-06,Spain,Manchester City,"CAM, CM",Left,2,4,High/Medium,173,67,Normal,"#Dribbler, #Playmaker  , #Acrobat, #Complete Midfielder",LCM,21.0,,,65.0,74.0,88.0,89.0,52.0,57.0,,,,,,,"Beat Offside Trap, Selfish, Finesse Shot",84,72,54,92,82,87,82,77,84,92,69,61,87,89,88,72,64,73,48,73,57,50,88,91,75,92,59,53,29,6,15,7,6,12
Péter Gulácsi,29,1990-05-06,8550000.0,85,1.2865497076023392e-06,1.2865497076023392e-06,Hungary,RB Leipzig,GK,Right,2,1,Medium/Medium,192,86,Normal,,GK,1.0,GK,1.0,,,,,,,84.0,86.0,81.0,86.0,43.0,84.0,,16,10,23,29,10,19,18,11,25,25,42,44,41,82,42,61,67,35,74,12,34,23,11,42,24,45,25,16,20,84,86,81,84,86
Lukáš Hrádecký,29,1989-11-24,7200000.0,83,1.25e-06,1.25e-06,Finland,Bayer 04 Leverkusen,GK,Right,3,1,Medium/Medium,192,85,Lean,,GK,1.0,GK,1.0,,,,,,,85.0,79.0,69.0,86.0,41.0,82.0,"Flair, Acrobatic Clearance",11,11,11,15,9,10,11,15,20,20,38,44,43,83,39,52,69,34,55,14,31,18,9,53,20,48,10,10,13,85,79,69,82,86
Kevin Trapp,28,1990-07-08,7200000.0,83,1.25e-06,1.25e-06,Germany,Eintracht Frankfurt,GK,Right,4,1,Medium/Medium,189,86,Normal,,GK,1.0,SUB,12.0,,,,,,,82.0,77.0,79.0,85.0,49.0,83.0,Acrobatic Clearance,13,13,11,25,12,10,14,12,12,24,45,52,42,81,37,59,75,45,73,13,30,22,12,46,17,62,15,14,10,82,77,79,83,85
Max Kruse,31,1988-03-19,7650000.0,83,1.176470588235294e-06,1.176470588235294e-06,Germany,Fenerbahçe SK,"CF, ST, CAM",Left,4,4,High/Medium,180,76,Normal,,CAM,10.0,,,66.0,83.0,83.0,83.0,45.0,70.0,,,,,,,"Finesse Shot, Crowd Favourite",81,84,63,85,80,83,82,69,82,86,67,65,74,85,77,81,65,73,73,79,62,34,85,85,92,87,57,38,29,12,7,5,13,9
Yann Sommer,30,1988-12-17,8550000.0,84,1.1695906432748538e-06,1.1695906432748538e-06,Switzerland,Borussia Mönchengladbach,GK,Right,4,1,Medium/Medium,183,79,Normal,,GK,1.0,GK,1.0,,,,,,,79.0,85.0,81.0,87.0,51.0,80.0,"Swerve Pass, Acrobatic Clearance",13,13,10,40,8,15,12,13,31,25,48,54,55,81,58,61,73,45,68,12,38,21,15,58,24,57,9,19,12,79,85,81,80,87
José María Callejón Bueno,32,1987-02-11,8550000.0,84,1.1695906432748538e-06,1.1695906432748538e-06,Spain,Napoli,"RM, RW",Right,3,3,High/High,178,73,Lean,#Engine,RM,7.0,,,89.0,78.0,75.0,83.0,47.0,64.0,,,,,,,"Diver, Early Crosser",82,78,65,80,84,82,73,65,51,85,88,90,85,82,80,78,71,90,54,80,54,40,88,78,62,79,64,32,32,8,5,14,11,11
Blaise Matuidi,32,1987-04-09,9450000.0,85,1.164021164021164e-06,1.164021164021164e-06,France,Juventus,"CDM, CM",Left,2,2,Medium/High,180,75,Lean,#Tactician ,SUB,14.0,LM,14.0,75.0,66.0,76.0,78.0,83.0,81.0,,,,,,,"Diver, Beat Offside Trap",74,60,68,83,72,76,60,52,77,79,77,73,83,84,79,78,84,90,74,67,86,86,72,74,56,82,85,84,86,8,11,5,10,14
Sergio Ramos García,33,1986-03-30,13050000.0,89,1.1494252873563219e-06,1.1494252873563219e-06,Spain,Real Madrid,CB,Right,3,3,High/Medium,184,82,Normal,"#Aerial Threat, #Tackling , #Tactician , #Complete Defender",LCB,4.0,RCB,15.0,72.0,68.0,75.0,73.0,87.0,85.0,,,,,,,"Injury Prone, Avoids Using Weaker Foot, Leadership, Long Passer (CPU AI Only), Giant Throw-in",66,63,92,80,69,65,74,72,83,83,74,71,78,87,66,79,93,80,85,62,90,88,67,71,86,84,85,87,90,11,8,9,7,11
Roman Bürki,28,1990-11-14,9900000.0,85,1.111111111111111e-06,1.111111111111111e-06,Switzerland,Borussia Dortmund,GK,Right,2,1,Medium/Medium,187,85,Normal,,GK,1.0,,,,,,,,,86.0,80.0,74.0,89.0,50.0,83.0,,15,8,17,37,13,12,13,12,24,23,44,54,49,83,52,56,74,36,74,14,35,18,10,50,20,58,11,13,16,86,80,74,83,89
Manuel Neuer,33,1986-03-27,13050000.0,88,1.0727969348659004e-06,1.0727969348659004e-06,Germany,FC Bayern München,GK,Right,4,1,Medium/Medium,193,92,Normal,,GK,1.0,GK,1.0,,,,,,,87.0,87.0,91.0,87.0,57.0,85.0,"Power Free-Kick, Flair, Swerve Pass, Acrobatic Clearance",15,13,25,55,11,30,14,11,59,46,54,60,51,84,35,68,77,43,80,16,29,30,12,70,47,70,17,10,11,87,87,91,85,87
Hugo Lloris,32,1986-12-26,13050000.0,88,1.0727969348659004e-06,1.0727969348659004e-06,France,Tottenham Hotspur,GK,Left,1,1,Medium/Medium,188,82,Lean,,GK,1.0,GK,1.0,,,,,,,89.0,82.0,68.0,91.0,63.0,84.0,"Swerve Pass, Acrobatic Clearance",13,10,10,50,11,10,11,10,50,34,65,62,55,86,54,51,74,41,43,14,31,27,10,30,40,65,29,10,18,89,82,68,84,91
Edin Višća,29,1990-02-17,9450000.0,84,1.0582010582010582e-06,1.0582010582010582e-06,Bosnia Herzegovina,Medipol Başakşehir FK,"RM, RW",Right,4,4,High/Medium,172,63,Lean,#Acrobat,RM,7.0,,,88.0,79.0,79.0,83.0,47.0,64.0,,,,,,,"Argues with Officials, Early Crosser, Speed Dribbler (CPU AI Only), Giant Throw-in",82,80,45,83,74,81,74,60,71,84,90,87,93,80,89,80,69,90,58,77,47,52,83,79,75,82,55,40,40,8,14,14,12,16
Kasper Schmeichel,32,1986-11-05,8550000.0,83,1.0526315789473683e-06,1.0526315789473683e-06,Denmark,Leicester City,GK,Right,3,1,Medium/Medium,189,89,Stocky,,GK,1.0,GK,1.0,,,,,,,82.0,77.0,79.0,88.0,58.0,79.0,Avoids Using Weaker Foot,18,12,16,44,15,12,13,15,46,40,56,60,62,81,47,59,60,34,64,14,35,20,13,59,26,67,14,14,13,82,77,79,79,88
Arturo Vidal,32,1987-05-22,9900000.0,84,1.01010101010101e-06,1.01010101010101e-06,Chile,FC Barcelona,"CM, CDM",Right,4,3,High/High,180,75,Normal,"#Engine, #Tackling ",SUB,22.0,LCM,8.0,67.0,79.0,80.0,78.0,85.0,86.0,,,,,,,"Injury Prone, Long Passer (CPU AI Only), Skilled Dribbling",76,75,82,82,78,76,76,68,81,83,68,67,73,86,75,84,85,86,83,82,93,85,83,82,81,83,82,87,88,4,2,4,2,4
Edin Džeko,33,1986-03-17,9900000.0,84,1.01010101010101e-06,1.01010101010101e-06,Bosnia Herzegovina,Roma,ST,Right,5,2,Medium/Medium,193,80,Lean,#Poacher,ST,9.0,,,60.0,84.0,71.0,75.0,46.0,73.0,,,,,,,"Avoids Using Weaker Foot, Beat Offside Trap",63,88,83,77,77,76,65,54,72,85,61,60,56,83,36,86,64,72,81,79,58,50,89,75,67,83,58,28,16,9,11,13,15,15
Jan Vertonghen,32,1987-04-24,13050000.0,87,9.96168582375479e-07,9.96168582375479e-07,Belgium,Tottenham Hotspur,CB,Left,3,3,High/High,189,86,Normal,"#Tackling , #Tactician ",LCB,5.0,LCB,5.0,63.0,63.0,74.0,72.0,87.0,79.0,,,,,,,"Long Throw-in, Avoids Using Weaker Foot",72,56,80,79,52,71,66,70,74,77,60,65,60,85,60,80,85,75,79,66,84,89,56,68,66,84,89,87,88,6,10,9,12,7
Koen Casteels,27,1992-06-25,9450000.0,83,9.523809523809523e-07,9.523809523809523e-07,Belgium,VfL Wolfsburg,GK,Left,2,1,Medium/Medium,197,86,Normal,,GK,1.0,SUB,13.0,,,,,,,83.0,79.0,79.0,83.0,45.0,82.0,Acrobatic Clearance,15,15,14,35,13,14,20,13,37,23,44,46,50,82,43,59,58,44,72,18,33,16,15,42,20,40,11,19,17,83,79,79,82,83
Alejandro Darío Gómez,31,1988-02-15,11700000.0,85,9.401709401709402e-07,9.401709401709402e-07,Argentina,Atalanta,"CAM, CF, ST",Right,4,4,High/Medium,165,68,Normal,#Acrobat,CAM,10.0,,,89.0,78.0,81.0,86.0,39.0,55.0,,,,,,,"Argues with Officials, Crowd Favourite",81,79,38,81,72,85,79,79,74,85,94,85,92,81,94,76,70,70,46,79,56,40,82,85,72,84,50,30,34,8,11,12,9,6
Jérôme Boateng,30,1988-09-03,10800000.0,84,9.259259259259259e-07,9.259259259259259e-07,Germany,FC Bayern München,CB,Right,4,2,Medium/Medium,192,90,Stocky,"#Tackling , #Strength",SUB,17.0,,,66.0,50.0,72.0,65.0,84.0,82.0,,,,,,,"Inflexible, Power Free-Kick, Leadership",69,34,85,75,52,64,53,31,83,70,64,67,55,82,52,78,73,66,91,58,81,80,47,75,46,84,83,87,86,7,12,15,6,5
Javier Martínez Aginaga,30,1988-09-02,11700000.0,84,8.547008547008547e-07,8.547008547008547e-07,Spain,FC Bayern München,"CDM, CB",Right,3,2,Low/Medium,192,86,Normal,"#Tackling , #Tactician ",SUB,8.0,,,48.0,55.0,69.0,63.0,86.0,83.0,,,,,,,"Power Free-Kick, Injury Prone, Giant Throw-in",58,43,87,76,58,59,46,45,74,71,45,50,52,85,49,76,85,72,85,62,91,88,51,74,52,80,85,86,85,5,12,9,11,8
Norberto Murara Neto,29,1989-07-19,13050000.0,85,8.42911877394636e-07,8.42911877394636e-07,Brazil,FC Barcelona,GK,Right,2,1,Medium/Medium,190,84,Lean,,SUB,13.0,,,,,,,,,86.0,81.0,79.0,82.0,54.0,82.0,,11,15,14,36,12,19,12,13,41,24,56,52,59,79,49,59,83,41,63,20,40,15,11,42,22,64,17,14,15,86,81,79,82,82
Carlos Alberto Vela Garrido,30,1989-03-01,10800000.0,83,8.333333333333333e-07,8.333333333333333e-07,Mexico,Los Angeles FC,"RW, LW, CAM",Left,2,4,High/Low,177,77,Normal,,RW,10.0,,,80.0,82.0,78.0,84.0,31.0,67.0,,,,,,,"Avoids Using Weaker Foot, Beat Offside Trap, Selfish, Finesse Shot, Speed Dribbler (CPU AI Only), Crowd Favourite",78,85,67,81,82,84,84,71,66,85,80,80,81,83,81,76,65,74,67,84,57,37,84,81,72,83,31,22,14,8,14,8,13,10
David Luiz Moreira Marinho,32,1987-04-22,10800000.0,83,8.333333333333333e-07,8.333333333333333e-07,Brazil,Arsenal,CB,Right,3,3,Medium/Medium,189,86,Normal,,LCB,23.0,,,61.0,65.0,74.0,70.0,82.0,77.0,,,,,,,"Long Throw-in, Leadership, Argues with Officials",68,55,81,77,63,66,70,76,82,79,58,63,66,77,56,81,78,65,79,73,86,84,54,71,75,77,79,83,81,11,12,10,7,14
Francesco Acerbi,31,1988-02-10,10800000.0,83,8.333333333333333e-07,8.333333333333333e-07,Italy,Lazio,CB,Left,3,3,Medium/Medium,192,88,Normal,"#Tackling , #Tactician , #Strength, #Complete Defender",CB,33.0,,,56.0,50.0,61.0,63.0,86.0,82.0,,,,,,,"Leadership, Long Passer (CPU AI Only)",25,37,82,73,39,65,62,56,77,72,61,52,33,83,35,75,66,82,86,60,75,86,20,65,72,85,87,86,85,11,9,9,13,11
Charles Mariano Aránguiz Sandoval,30,1989-04-17,10800000.0,83,8.333333333333333e-07,8.333333333333333e-07,Chile,Bayer 04 Leverkusen,"CM, CDM",Right,4,3,Medium/Medium,171,70,Lean,,LCM,20.0,RCM,20.0,63.0,72.0,82.0,81.0,74.0,73.0,,,,,,,"Injury Prone, Finesse Shot, Speed Dribbler (CPU AI Only)",78,66,53,85,68,79,75,76,84,83,72,55,80,86,86,80,61,87,64,77,80,82,76,81,76,81,76,74,72,15,7,12,8,13
Edinson Roberto Cavani Gómez,32,1987-02-14,18000000.0,88,7.777777777777778e-07,7.777777777777778e-07,Uruguay,Paris Saint-Germain,ST,Right,4,3,High/High,185,77,Lean,#Engine,ST,9.0,,,75.0,86.0,72.0,79.0,55.0,83.0,,,,,,,Long Passer (CPU AI Only),70,88,89,78,90,79,77,76,52,81,74,76,74,91,59,88,88,91,79,79,84,54,93,77,85,80,57,48,39,12,5,13,13,10
Gerard Piqué Bernabéu,32,1987-02-02,18000000.0,88,7.777777777777778e-07,7.777777777777778e-07,Spain,FC Barcelona,CB,Right,3,2,High/Medium,194,85,Normal,"#Aerial Threat, #Tackling , #Tactician , #Strength, #Complete Defender",RCB,3.0,,,56.0,61.0,72.0,68.0,88.0,80.0,,,,,,,Avoids Using Weaker Foot,57,65,85,83,57,63,58,43,81,82,48,63,57,85,36,62,75,70,87,51,76,89,64,72,69,87,89,88,87,10,11,14,15,8
Sokratis Papastathopoulos,31,1988-06-09,13050000.0,84,7.662835249042146e-07,7.662835249042146e-07,Greece,Arsenal,CB,Right,2,2,Medium/High,186,85,Normal,"#Tackling , #Strength",RCB,5.0,RCB,19.0,72.0,51.0,52.0,60.0,84.0,83.0,,,,,,,"Diver, Avoids Using Weaker Foot",47,44,85,65,46,58,29,35,54,60,66,76,54,81,64,77,86,69,87,48,88,76,49,45,24,81,85,86,86,6,8,5,12,5
Iago Aspas Juncal,31,1987-08-01,14400000.0,85,7.638888888888889e-07,7.638888888888889e-07,Spain,RC Celta,"ST, RW",Left,3,3,High/High,176,67,Lean,"#Acrobat, #Clinical Finisher",RS,10.0,SUB,17.0,78.0,84.0,77.0,85.0,35.0,64.0,,,,,,,"Power Free-Kick, Beat Offside Trap, Speed Dribbler (CPU AI Only), Giant Throw-in, Outside Foot Shot",80,88,78,79,83,86,80,76,68,85,80,76,87,85,72,79,66,71,60,82,63,39,86,79,82,85,39,21,18,12,16,9,12,13
Marcelo Vieira da Silva Júnior,31,1988-05-12,14400000.0,85,7.638888888888889e-07,7.638888888888889e-07,Brazil,Real Madrid,LB,Left,4,5,High/Low,174,75,Normal,"#Dribbler, #Crosser",LB,12.0,,,81.0,74.0,83.0,89.0,77.0,79.0,,,,,,,"Selfish, Speed Dribbler (CPU AI Only)",89,73,75,85,63,89,84,67,77,92,82,80,85,85,86,82,77,79,78,70,81,81,83,80,59,85,71,79,82,12,5,5,5,9
Dries Mertens,32,1987-05-06,18000000.0,87,7.222222222222222e-07,7.222222222222222e-07,Belgium,Napoli,"CF, ST",Right,4,4,High/Low,169,61,Normal,"#Dribbler, #Acrobat, #Clinical Finisher, #Complete Forward",SUB,14.0,RF,14.0,88.0,83.0,80.0,91.0,35.0,53.0,,,,,,,"Beat Offside Trap, Selfish, Argues with Officials, Speed Dribbler (CPU AI Only), Crowd Favourite, Skilled Dribbling",79,86,40,82,70,91,82,79,74,89,93,83,94,88,92,80,59,73,39,81,59,36,87,83,79,81,25,40,40,7,10,8,10,4
Anthony Lopes,28,1990-10-01,15750000.0,85,6.984126984126984e-07,6.984126984126984e-07,Portugal,Olympique Lyonnais,GK,Left,2,1,Medium/Medium,184,81,Normal,,GK,1.0,,,,,,,,,87.0,80.0,75.0,89.0,64.0,84.0,"Giant Throw-in, Swerve Pass, Acrobatic Clearance",19,18,16,32,13,15,15,14,31,21,63,64,67,84,62,56,82,36,73,18,43,25,9,48,16,65,13,15,13,87,80,75,84,89
Asier Illarramendi Andonegi,29,1990-03-08,13050000.0,83,6.896551724137931e-07,6.896551724137931e-07,Spain,Real Sociedad,"CDM, CM",Right,3,3,Medium/High,179,75,Normal,#Tactician ,RCM,4.0,,,54.0,71.0,80.0,79.0,80.0,71.0,,,,,,,Finesse Shot,68,72,51,85,58,78,76,68,82,83,62,47,69,84,73,69,62,73,68,76,76,87,79,86,50,79,83,83,80,15,7,11,14,12
Diego da Silva Costa,30,1988-10-07,13050000.0,83,6.896551724137931e-07,6.896551724137931e-07,Spain,Atlético Madrid,ST,Right,4,2,High/Medium,188,86,Normal,#Strength,SUB,19.0,,,73.0,82.0,64.0,75.0,49.0,85.0,,,,,,,"Power Free-Kick, Skilled Dribbling",65,85,84,65,81,77,62,59,52,82,71,75,56,83,51,83,63,74,90,74,93,40,84,74,75,83,58,39,30,11,13,12,8,11
Borja Iglesias Quintas,26,1993-01-17,13050000.0,83,6.896551724137931e-07,6.896551724137931e-07,Spain,Real Betis,ST,Right,3,3,High/Medium,187,86,Lean,"#Strength, #Clinical Finisher, #Complete Forward",ST,9.0,,,67.0,83.0,63.0,76.0,35.0,82.0,,,,,,,"Beat Offside Trap, Selfish, Speed Dribbler (CPU AI Only)",50,86,82,71,71,77,41,36,65,80,65,69,64,78,72,83,70,76,91,82,68,30,84,71,79,82,32,31,18,14,12,16,13,16
Juan Cuadrado,31,1988-05-26,13050000.0,83,6.896551724137931e-07,6.896551724137931e-07,Colombia,Juventus,"RM, RW",Right,3,5,High/Medium,179,72,Lean,"#Speedster, #Dribbler, #Acrobat",SUB,16.0,RW,11.0,91.0,72.0,77.0,88.0,66.0,67.0,,,,,,,"Injury Free, Selfish, Argues with Officials, Crowd Favourite",78,64,58,81,70,90,78,69,69,85,90,92,91,78,81,84,74,74,58,80,78,62,78,76,65,80,63,70,74,5,5,13,6,9
Jasper Cillessen,30,1989-04-22,13050000.0,83,6.896551724137931e-07,6.896551724137931e-07,Netherlands,Valencia CF,GK,Right,3,1,Medium/Medium,185,83,Lean,,GK,13.0,GK,1.0,,,,,,,82.0,83.0,78.0,83.0,52.0,81.0,Acrobatic Clearance,17,10,12,50,19,12,10,10,35,32,54,50,48,80,50,59,71,40,67,15,25,25,11,60,21,61,18,12,11,82,83,78,81,83
Nicolás Hernán Otamendi,31,1988-02-12,13050000.0,83,6.896551724137931e-07,6.896551724137931e-07,Argentina,Manchester City,CB,Right,3,2,Medium/High,183,81,Normal,,SUB,30.0,SUB,17.0,56.0,57.0,63.0,59.0,83.0,78.0,,,,,,,"Diver, Injury Prone, Long Passer (CPU AI Only)",52,54,84,75,57,51,50,39,72,70,55,57,58,78,58,69,89,65,79,56,91,83,48,53,45,79,82,84,83,12,5,8,11,12
Ivan Rakitić,31,1988-03-10,18000000.0,86,6.666666666666667e-07,6.666666666666667e-07,Croatia,FC Barcelona,"CM, CDM",Right,4,3,Medium/Medium,184,78,Lean,,RCM,4.0,,,62.0,81.0,86.0,81.0,74.0,70.0,,,,,,,"Diver, Argues with Officials",84,78,59,86,84,80,88,82,90,87,64,61,73,80,62,84,34,79,71,85,67,79,77,85,82,80,76,73,72,14,11,12,5,9
Leonardo Bonucci,32,1987-05-01,18000000.0,86,6.666666666666667e-07,6.666666666666667e-07,Italy,Juventus,CB,Right,4,2,Low/High,190,85,Lean,#Tactician ,RCB,19.0,RCB,19.0,58.0,58.0,69.0,70.0,87.0,79.0,,,,,,,"Long Throw-in, Diver, Leadership, Long Passer (CPU AI Only)",44,48,84,77,58,69,56,61,85,75,55,60,61,84,55,74,85,68,82,65,82,90,38,74,70,86,90,86,80,2,2,3,2,4
Josip Iličić,31,1988-01-29,15750000.0,84,6.34920634920635e-07,6.34920634920635e-07,Slovenia,Atalanta,"CF, ST",Left,4,4,Medium/Medium,190,79,Lean,#Distance Shooter,RS,72.0,RM,7.0,70.0,84.0,84.0,85.0,43.0,67.0,,,,,,,"Beat Offside Trap, Selfish, Argues with Officials, Crowd Favourite",82,81,58,86,80,88,85,85,74,88,72,69,71,83,61,88,33,70,72,89,58,46,83,87,78,80,53,32,26,13,13,8,12,6
Mesut Özil,30,1988-10-15,15750000.0,84,6.34920634920635e-07,6.34920634920635e-07,Germany,Arsenal,"CAM, RW",Left,2,4,Medium/Low,180,76,Lean,#Playmaker  ,CAM,10.0,,,70.0,72.0,86.0,84.0,24.0,56.0,,,,,,,"Beat Offside Trap, Selfish, Finesse Shot",83,73,51,89,80,84,84,76,82,89,72,69,77,83,71,70,45,67,56,69,44,24,81,90,67,83,24,16,19,6,14,10,6,14
Ivan Perišić,30,1989-02-02,15750000.0,84,6.34920634920635e-07,6.34920634920635e-07,Croatia,FC Bayern München,LM,Right,5,4,Medium/Medium,186,80,Lean,,SUB,14.0,,,84.0,80.0,78.0,82.0,62.0,77.0,,,,,,,"Selfish, Early Crosser",83,79,80,78,81,82,73,75,74,85,83,85,77,79,74,84,84,89,76,78,65,69,83,76,76,80,64,52,54,6,7,10,9,6
Radja Nainggolan,31,1988-05-04,14400000.0,83,6.25e-07,6.25e-07,Belgium,Cagliari,"CAM, CM",Right,3,3,High/High,176,77,Stocky,"#Engine, #Tackling , #Tactician ",CAM,4.0,,,72.0,79.0,78.0,83.0,83.0,82.0,,,,,,,Argues with Officials,73,75,59,84,75,83,73,68,81,84,72,72,75,85,83,84,75,89,76,86,88,86,84,76,63,84,83,86,90,11,11,14,8,11
Rui Pedro dos Santos Patrício,31,1988-02-15,14400000.0,83,6.25e-07,6.25e-07,Portugal,Wolverhampton Wanderers,GK,Left,2,1,Medium/Medium,190,84,Normal,,GK,11.0,GK,1.0,,,,,,,84.0,80.0,77.0,82.0,55.0,81.0,"Diver, Second Wind",12,12,11,31,17,20,10,16,30,23,53,57,61,77,54,58,79,45,77,11,39,22,13,64,32,66,14,13,11,84,80,77,81,82
William Silva de Carvalho,27,1992-04-07,14400000.0,83,6.25e-07,6.25e-07,Portugal,Real Betis,"CDM, CM",Right,4,3,Medium/Medium,187,83,Normal,#Strength,CDM,14.0,LCM,14.0,42.0,57.0,77.0,74.0,79.0,85.0,,,,,,,"Leadership, Finesse Shot",68,52,74,81,50,78,80,50,85,81,37,46,45,74,47,69,67,83,91,55,78,81,63,81,60,89,80,80,72,6,6,5,14,14
Mats  Hummels,30,1988-12-16,21600000.0,87,6.018518518518519e-07,6.018518518518519e-07,Germany,Borussia Dortmund,CB,Right,3,3,High/Medium,191,94,Normal,"#Tackling , #Tactician ",LCB,15.0,,,51.0,58.0,76.0,72.0,89.0,76.0,,,,,,,"Avoids Using Weaker Foot, Leadership, Finesse Shot, Long Passer (CPU AI Only), Speed Dribbler (CPU AI Only)",64,55,87,81,60,68,65,53,85,81,46,55,64,87,59,71,68,65,85,51,71,89,56,79,68,89,90,89,86,15,6,10,5,6
Toby Alderweireld,30,1989-03-02,21600000.0,87,6.018518518518519e-07,6.018518518518519e-07,Belgium,Tottenham Hotspur,CB,Right,3,2,Medium/Medium,186,81,Normal,"#Tackling , #Tactician ",RCB,4.0,RCB,2.0,64.0,55.0,72.0,66.0,88.0,79.0,,,,,,,Leadership,64,45,82,79,38,62,63,69,85,75,61,66,59,87,50,78,84,78,79,58,81,88,54,62,58,86,90,90,86,16,6,14,16,14
Luis Alberto Suárez Díaz,32,1987-01-24,25200000.0,89,5.952380952380952e-07,5.952380952380952e-07,Uruguay,FC Barcelona,ST,Right,4,3,High/Medium,182,86,Normal,"#Distance Shooter, #Strength, #Clinical Finisher, #Complete Forward",ST,9.0,,,73.0,89.0,80.0,84.0,51.0,84.0,,,,,,,"Diver, Speed Dribbler (CPU AI Only)",78,91,83,82,90,85,86,82,72,84,76,70,79,92,79,88,69,82,86,86,87,41,92,82,83,85,57,45,38,27,25,31,33,37
Sergio Busquets i Burgos,30,1988-07-16,25200000.0,89,5.952380952380952e-07,5.952380952380952e-07,Spain,FC Barcelona,"CDM, CM",Right,3,3,Medium/Medium,189,76,Lean,"#Playmaker  , #Tactician ",CDM,5.0,CDM,5.0,42.0,62.0,80.0,80.0,85.0,80.0,,,,,,,Giant Throw-in,62,67,68,89,44,80,66,68,82,88,40,43,67,87,49,61,66,86,77,54,85,89,77,86,60,93,90,86,80,5,8,13,9,13
Marc Bartra Aregall,28,1991-01-15,15750000.0,83,5.714285714285714e-07,5.714285714285714e-07,Spain,Real Betis,CB,Right,3,3,High/Medium,184,73,Lean,,RCB,5.0,,,73.0,61.0,73.0,72.0,82.0,74.0,,,,,,,"Injury Prone, Argues with Officials",57,55,80,82,43,68,66,51,81,78,75,72,71,83,70,71,87,69,73,70,80,84,61,75,52,76,79,83,82,10,15,13,12,8
Kevin Kampl,28,1990-10-09,15750000.0,83,5.714285714285714e-07,5.714285714285714e-07,Slovenia,RB Leipzig,"CM, CAM, CDM",Right,4,3,High/High,178,67,Lean,"#Dribbler, #Engine, #Acrobat",CM,44.0,,,76.0,67.0,80.0,86.0,63.0,62.0,,,,,,,"Selfish, Crowd Favourite",72,63,34,84,68,86,78,75,79,84,83,70,90,84,82,69,67,90,47,73,64,75,73,82,64,83,65,64,59,13,11,7,6,16
Axel  Witsel,30,1989-01-12,19350000.0,85,5.684754521963824e-07,5.684754521963824e-07,Belgium,Borussia Dortmund,"CDM, CM",Right,4,4,Medium/High,186,81,Lean,,LDM,28.0,LCM,6.0,73.0,74.0,80.0,79.0,83.0,81.0,,,,,,,"Diver, Avoids Using Weaker Foot",69,71,81,89,77,78,69,68,84,84,67,77,76,85,67,78,77,82,82,74,79,80,75,80,76,92,82,85,83,5,7,7,10,7
Dušan Tadić,30,1988-11-20,18000000.0,84,5.555555555555555e-07,5.555555555555555e-07,Serbia,Ajax,"CAM, LW, ST",Left,3,4,Medium/Medium,181,76,Normal,,ST,10.0,,,68.0,80.0,84.0,85.0,41.0,71.0,,,,,,,"Diver, Avoids Using Weaker Foot, Selfish, Finesse Shot, Speed Dribbler (CPU AI Only), Crowd Favourite",83,83,66,85,79,85,85,76,80,88,68,68,79,84,84,77,61,85,70,73,56,37,83,88,84,87,48,34,26,11,11,14,9,16
Sergio Canales Madrazo,28,1991-02-16,18000000.0,84,5.555555555555555e-07,5.555555555555555e-07,Spain,Real Betis,"CAM, CM, CF",Left,3,4,High/Medium,176,65,Lean,,RCM,10.0,SUB,11.0,78.0,79.0,83.0,81.0,51.0,66.0,,,,,,,"Power Free-Kick, Selfish, Argues with Officials",79,80,46,84,63,82,81,79,82,83,77,78,77,81,70,78,35,77,67,81,55,50,83,87,72,80,60,47,43,15,12,16,13,12
Pau López Sabata,24,1994-12-13,17100000.0,83,5.263157894736842e-07,5.263157894736842e-07,Spain,Roma,GK,Left,3,1,Medium/Medium,189,77,Lean,,GK,12.0,SUB,23.0,,,,,,,82.0,83.0,79.0,84.0,49.0,82.0,,24,19,15,38,17,18,23,21,41,16,45,52,40,74,57,59,71,42,52,18,39,16,20,62,25,62,19,20,11,82,83,79,82,84
Thomas Müller,29,1989-09-13,22950000.0,86,5.22875816993464e-07,5.22875816993464e-07,Germany,FC Bayern München,"CAM, RM, RW",Right,4,3,High/High,186,75,Lean,"#Engine, #Clinical Finisher",SUB,25.0,,,72.0,83.0,79.0,78.0,55.0,71.0,,,,,,,"Diver, Speed Dribbler (CPU AI Only)",79,87,81,81,84,75,81,59,72,82,69,75,74,91,71,78,77,86,67,80,61,58,92,85,60,84,44,57,46,6,7,11,14,14
Daley Blind,29,1990-03-09,18000000.0,83,5e-07,5e-07,Netherlands,Ajax,"CDM, CB, LB",Left,3,3,Medium/Medium,180,72,Normal,#Tactician ,LDM,17.0,LB,17.0,54.0,65.0,80.0,77.0,82.0,74.0,,,,,,,Giant Throw-in,80,62,75,83,66,75,84,62,83,82,61,48,71,85,72,73,72,76,74,65,70,86,66,77,54,83,82,84,79,12,9,10,14,10
Manuel Obafemi Akanji,23,1995-07-19,18000000.0,83,5e-07,5e-07,Switzerland,Borussia Dortmund,CB,Right,3,2,Medium/High,187,91,Normal,,RCB,16.0,CB,5.0,78.0,45.0,68.0,72.0,83.0,80.0,,,,,,,,53,36,79,80,42,69,46,30,79,76,70,85,69,84,64,69,81,74,84,48,76,81,33,67,40,80,84,84,80,10,9,13,6,9
Marco Reus,30,1989-05-31,28800000.0,88,4.861111111111111e-07,4.861111111111111e-07,Germany,Borussia Dortmund,"CAM, LM, ST",Right,4,4,High/Medium,180,71,Lean,"#Dribbler, #Playmaker  , #Distance Shooter, #FK Specialist, #Acrobat, #Clinical Finisher, #Complete Midfielder, #Complete Forward",CAM,11.0,ST,11.0,85.0,88.0,84.0,87.0,45.0,66.0,,,,,,,"Power Free-Kick, Avoids Using Weaker Foot, Beat Offside Trap, Argues with Officials, Early Crosser, Finesse Shot, Speed Dribbler (CPU AI Only)",82,87,49,86,90,87,89,86,77,88,85,85,86,87,84,88,71,76,67,87,51,48,89,86,90,85,49,37,45,12,12,13,13,11
Gonzalo Gerardo Higuaín,31,1987-12-10,22950000.0,85,4.793028322440087e-07,4.793028322440087e-07,Argentina,Juventus,ST,Right,4,3,High/Medium,186,89,Normal,#Clinical Finisher,SUB,21.0,,,63.0,85.0,71.0,80.0,31.0,71.0,,,,,,,"Argues with Officials, Speed Dribbler (CPU AI Only), Skilled Dribbling",68,88,77,75,88,80,74,62,60,84,62,64,72,86,69,86,78,60,84,80,50,20,90,75,70,85,35,22,18,5,12,7,5,10
Daniel Parejo Muñoz,30,1989-04-16,25200000.0,86,4.761904761904762e-07,4.761904761904762e-07,Spain,Valencia CF,CM,Right,4,3,Medium/Medium,182,74,Lean,"#Playmaker  , #FK Specialist, #Complete Midfielder",RCM,10.0,,,41.0,80.0,88.0,79.0,70.0,69.0,,,,,,,"Diver, Leadership, Finesse Shot",84,80,61,91,72,79,89,90,88,85,49,35,64,78,72,79,49,76,71,82,58,81,81,86,83,85,69,68,65,5,9,12,14,8
César Azpilicueta Tanco,29,1989-08-28,21600000.0,84,4.6296296296296297e-07,4.6296296296296297e-07,Spain,Chelsea,"RB, CB",Right,3,2,Medium/Medium,178,76,Normal,"#Tackling , #Tactician ",RB,28.0,SUB,14.0,70.0,55.0,77.0,73.0,85.0,76.0,,,,,,,"Inflexible, Diver, Dives Into Tackles (CPU AI Only), Leadership, Giant Throw-in",81,46,75,80,51,69,68,58,80,77,73,68,72,86,73,68,77,83,70,60,84,86,62,74,66,78,85,87,86,13,9,10,6,5
Douglas Costa de Souza,28,1990-09-14,21600000.0,84,4.6296296296296297e-07,4.6296296296296297e-07,Brazil,Juventus,"LM, RW, LW",Left,3,5,High/Medium,172,70,Normal,"#Speedster, #Dribbler, #Acrobat",SUB,11.0,,,94.0,73.0,79.0,91.0,43.0,61.0,,,,,,,"Selfish, Argues with Officials, Early Crosser",82,64,50,83,76,92,84,78,65,91,95,93,93,80,91,86,60,71,58,80,55,48,74,80,77,80,45,38,34,13,15,9,12,5
Karim Benzema,31,1987-12-19,28800000.0,87,4.513888888888889e-07,4.513888888888889e-07,France,Real Madrid,"CF, ST",Right,4,4,Medium/Low,185,81,Normal,,CF,9.0,,,76.0,82.0,80.0,86.0,39.0,77.0,,,,,,,"Finesse Shot, Speed Dribbler (CPU AI Only), Giant Throw-in",75,84,83,85,83,86,81,73,72,90,78,74,78,85,69,82,77,79,80,76,65,39,88,86,82,87,47,24,18,13,11,5,5,7
Yannick Ferreira Carrasco,25,1993-09-04,20250000.0,83,4.4444444444444444e-07,4.4444444444444444e-07,Belgium,Dalian YiFang FC,LM,Right,4,4,High/Medium,180,71,Lean,"#Speedster, #Acrobat",LM,10.0,SUB,11.0,90.0,80.0,75.0,87.0,39.0,64.0,,,,,,,"Injury Free, Selfish, Argues with Officials, Early Crosser",78,80,53,75,68,88,81,79,71,87,91,90,90,82,71,85,70,74,59,78,61,18,80,71,74,75,53,39,26,9,11,9,10,10
Gylfi Þór Sigurðsson,29,1989-09-08,20250000.0,83,4.4444444444444444e-07,4.4444444444444444e-07,Iceland,Everton,CAM,Right,4,3,High/High,186,77,Normal,"#Engine, #Crosser, #FK Specialist",CAM,10.0,CAM,10.0,56.0,81.0,84.0,80.0,57.0,69.0,,,,,,,"Diver, Beat Offside Trap, Argues with Officials, Finesse Shot",86,78,60,85,75,82,87,86,77,85,57,56,68,79,63,84,65,86,65,86,57,55,79,86,79,84,57,57,55,13,8,10,15,12
Gonçalo Manuel Ganchinho Guedes,22,1996-11-29,20250000.0,83,4.4444444444444444e-07,4.4444444444444444e-07,Portugal,Valencia CF,"LM, ST",Right,4,4,High/Medium,179,68,Normal,"#Speedster, #Dribbler",LM,7.0,SUB,17.0,90.0,79.0,76.0,84.0,36.0,70.0,,,,,,,"Selfish, Argues with Officials, Early Crosser, Crowd Favourite",78,77,60,77,71,86,76,70,69,81,91,90,82,83,77,85,63,76,68,84,67,50,77,77,69,80,24,34,30,9,12,11,9,9
Felipe Augusto de Almeida Monteiro,30,1989-05-16,22950000.0,84,4.357298474945534e-07,4.357298474945534e-07,Brazil,Atlético Madrid,CB,Right,3,2,Medium/High,190,83,Normal,#Strength,LCB,18.0,,,64.0,41.0,57.0,60.0,84.0,87.0,,,,,,,"Diver, Long Passer (CPU AI Only)",45,39,81,72,44,57,32,30,67,64,60,67,52,80,55,46,90,79,88,41,92,82,34,50,47,75,85,85,80,9,11,14,9,7
Wojciech  Szczęsny,29,1990-04-18,28800000.0,86,4.1666666666666667e-07,4.1666666666666667e-07,Poland,Juventus,GK,Right,3,1,Medium/Medium,195,90,Lean,,GK,1.0,GK,1.0,,,,,,,85.0,82.0,73.0,88.0,49.0,86.0,Acrobatic Clearance,12,12,16,32,14,11,16,14,36,22,51,47,55,82,51,55,71,45,65,14,40,15,14,48,18,65,20,13,12,85,82,73,86,88
David De Gea Quintana,28,1990-11-07,36000000.0,89,4.1666666666666667e-07,4.1666666666666667e-07,Spain,Manchester United,GK,Right,3,1,Medium/Medium,192,82,Lean,,GK,1.0,GK,1.0,,,,,,,90.0,84.0,81.0,92.0,58.0,85.0,"Flair, Second Wind, Flair Passes",17,13,21,50,13,18,21,19,47,38,57,58,63,87,43,61,67,43,60,12,38,30,12,65,29,68,25,21,13,90,84,81,85,92
Samuel Umtiti,25,1993-11-14,28800000.0,86,4.1666666666666667e-07,4.1666666666666667e-07,France,FC Barcelona,CB,Left,3,2,Medium/High,182,75,Normal,"#Tackling , #Tactician ",SUB,23.0,LCB,5.0,69.0,63.0,69.0,69.0,86.0,82.0,,,,,,,,61,51,79,80,65,64,72,62,73,77,66,72,62,82,66,83,88,71,86,74,82,87,51,58,61,82,87,88,85,15,10,14,12,15
Ángel Fabián Di María Hernández,31,1988-02-14,28800000.0,86,4.1666666666666667e-07,4.1666666666666667e-07,Argentina,Paris Saint-Germain,"RW, LW",Left,2,5,High/Medium,180,69,Lean,"#Dribbler, #Crosser, #FK Specialist, #Acrobat",LW,11.0,RM,11.0,84.0,79.0,84.0,87.0,48.0,68.0,,,,,,,"Selfish, Argues with Officials, Speed Dribbler (CPU AI Only), Outside Foot Shot, Crowd Favourite",86,76,51,83,77,87,88,88,80,86,85,84,94,82,77,83,72,78,60,84,73,42,84,86,73,84,41,55,52,10,7,11,12,11
Djené Dakonam Ortega,27,1991-12-31,21600000.0,83,4.1666666666666667e-07,4.1666666666666667e-07,Togo,Getafe CF,CB,Right,4,2,Medium/High,178,72,Normal,,RCB,2.0,,,72.0,37.0,61.0,61.0,83.0,79.0,,,,,,,"Inflexible, Diver, Injury Prone, Leadership",60,29,79,74,22,50,51,48,64,71,74,71,71,81,69,67,79,73,79,27,88,84,49,42,41,72,83,85,82,7,15,7,10,10
Thomas Lemar,23,1995-11-12,21600000.0,83,4.1666666666666667e-07,4.1666666666666667e-07,France,Atlético Madrid,"LM, CAM, RM",Left,2,4,Medium/Medium,171,62,Lean,,LM,11.0,,,83.0,76.0,82.0,85.0,59.0,67.0,,,,,,,"Beat Offside Trap, Crowd Favourite",83,75,54,84,76,85,85,81,75,86,83,83,87,79,86,79,69,77,64,78,63,66,78,84,68,80,55,59,63,11,15,13,7,14
Julian Draxler,25,1993-09-20,21600000.0,83,4.1666666666666667e-07,4.1666666666666667e-07,Germany,Paris Saint-Germain,"CAM, CM, LW",Right,5,4,Medium/Medium,187,77,Lean,#Dribbler,SUB,23.0,SUB,7.0,77.0,79.0,81.0,86.0,55.0,63.0,,,,,,,"Beat Offside Trap, Selfish, Finesse Shot, Crowd Favourite",81,76,65,84,80,87,78,76,77,88,78,77,80,81,75,86,75,68,66,81,48,66,79,82,65,83,39,64,44,11,13,5,13,8
Danilo Luís Hélio Pereira,27,1991-09-09,21600000.0,83,4.1666666666666667e-07,4.1666666666666667e-07,Portugal,FC Porto,"CDM, CM",Right,3,3,Medium/High,188,83,Normal,#Strength,LCM,22.0,SUB,13.0,65.0,63.0,72.0,74.0,82.0,85.0,,,,,,,Avoids Using Weaker Foot,55,60,77,83,55,76,48,53,81,78,62,68,57,75,60,74,62,82,89,63,83,83,69,73,57,84,83,84,71,9,7,13,14,15
Idrissa Gana Gueye,29,1989-09-26,21600000.0,83,4.1666666666666667e-07,4.1666666666666667e-07,Senegal,Paris Saint-Germain,CDM,Right,3,3,Medium/High,174,66,Lean,#Tactician ,SUB,27.0,,,73.0,59.0,70.0,78.0,85.0,78.0,,,,,,,Argues with Officials,60,50,69,79,32,76,45,61,77,79,74,72,82,83,80,80,88,90,69,66,85,89,65,65,54,80,84,90,83,8,6,8,12,13
Bernd Leno,27,1992-03-04,25200000.0,84,3.9682539682539683e-07,3.9682539682539683e-07,Germany,Arsenal,GK,Right,3,1,Medium/Medium,190,83,Normal,,GK,1.0,,,,,,,,,83.0,81.0,78.0,85.0,56.0,84.0,Swerve Pass,9,9,13,45,10,16,9,8,42,30,55,56,52,79,44,59,73,43,68,14,28,22,7,54,23,66,27,15,18,83,81,78,84,85
Corentin Tolisso,24,1994-08-03,22950000.0,83,3.92156862745098e-07,3.92156862745098e-07,France,FC Bayern München,"CM, CDM",Right,3,3,High/Medium,181,81,Normal,,RCM,24.0,SUB,12.0,69.0,77.0,79.0,78.0,76.0,79.0,,,,,,,"Leadership, Argues with Officials, Long Passer (CPU AI Only)",67,75,82,84,62,77,66,73,86,82,73,66,75,83,74,82,83,84,76,81,81,76,79,80,70,74,75,78,71,7,10,14,9,14
Adrien Rabiot,24,1995-04-03,22950000.0,83,3.92156862745098e-07,3.92156862745098e-07,France,Juventus,"CM, CDM",Left,3,3,High/Medium,192,80,Lean,,LCM,25.0,,,73.0,74.0,79.0,80.0,77.0,80.0,,,,,,,,70,69,77,85,72,79,73,59,83,84,71,74,79,83,72,80,73,80,83,79,76,80,76,80,67,84,70,81,75,9,12,9,7,15
Kostas Manolas,28,1991-06-14,28800000.0,85,3.8194444444444445e-07,3.8194444444444445e-07,Greece,Napoli,CB,Right,2,2,Low/High,189,83,Normal,"#Tackling , #Tactician ",RCB,44.0,LCB,4.0,82.0,25.0,42.0,60.0,86.0,81.0,,,,,,,Injury Prone,27,25,80,60,16,54,30,10,61,65,81,83,68,82,60,40,86,72,82,12,86,86,25,22,26,85,87,87,89,8,6,8,15,12
James David Rodríguez Rubio,27,1991-07-12,28800000.0,85,3.8194444444444445e-07,3.8194444444444445e-07,Colombia,Real Madrid,"CAM, CM, RM",Left,2,4,Medium/Medium,180,75,Normal,"#Playmaker  , #Distance Shooter, #Crosser, #FK Specialist, #Complete Midfielder",SUB,16.0,CAM,10.0,55.0,86.0,87.0,86.0,50.0,63.0,,,,,,,"Selfish, Finesse Shot, Speed Dribbler (CPU AI Only), Crowd Favourite",90,83,62,86,90,85,89,86,83,90,57,54,80,84,76,86,46,65,64,92,60,55,80,86,81,87,52,41,44,15,15,15,5,14
Allan Marques Loureiro,28,1991-01-08,28800000.0,85,3.8194444444444445e-07,3.8194444444444445e-07,Brazil,Napoli,CM,Right,3,4,Medium/High,175,74,Normal,"#Tackling , #Tactician ",RCM,5.0,,,75.0,71.0,78.0,84.0,85.0,84.0,,,,,,,Diver,70,74,59,86,56,84,65,49,79,84,79,71,82,89,86,73,69,94,79,69,90,89,79,80,53,85,88,88,86,13,13,5,5,8
Gareth Frank Bale,29,1989-07-16,28800000.0,85,3.8194444444444445e-07,3.8194444444444445e-07,Wales,Real Madrid,"RW, LW, ST",Left,3,4,Medium/Medium,185,82,Lean,"#Speedster, #Distance Shooter, #Crosser, #FK Specialist",SUB,11.0,RM,11.0,91.0,87.0,82.0,82.0,58.0,76.0,,,,,,,"Inflexible, Power Free-Kick, Argues with Officials, Early Crosser, Speed Dribbler (CPU AI Only), Outside Foot Shot",86,84,84,81,85,83,90,87,80,84,90,91,79,80,65,92,86,73,80,90,65,59,85,79,76,85,54,55,52,15,15,11,5,6
Jordi Alba Ramos,30,1989-03-21,36000000.0,87,3.611111111111111e-07,3.611111111111111e-07,Spain,FC Barcelona,LB,Left,3,3,High/Medium,170,68,Normal,"#Speedster, #Crosser, #Acrobat",LB,18.0,LB,18.0,90.0,69.0,81.0,83.0,79.0,73.0,,,,,,,,87,73,70,84,60,81,80,63,79,85,91,90,89,85,85,64,81,92,61,66,77,83,83,78,59,82,74,83,84,13,15,13,6,13
Francisco Alcácer García,25,1993-08-30,25200000.0,83,3.5714285714285716e-07,3.5714285714285716e-07,Spain,Borussia Dortmund,ST,Right,4,3,Medium/Low,175,72,Normal,"#Poacher, #Clinical Finisher",ST,9.0,,,79.0,84.0,68.0,80.0,36.0,63.0,,,,,,,"Power Free-Kick, Selfish, Argues with Officials, Speed Dribbler (CPU AI Only), Outside Foot Shot",53,86,78,79,85,78,85,85,51,82,81,78,84,85,84,82,67,65,64,84,57,26,86,67,71,84,45,24,22,12,14,14,8,5
Aaron Ramsey,28,1990-12-26,25200000.0,83,3.5714285714285716e-07,3.5714285714285716e-07,Wales,Juventus,"CM, CAM",Right,3,3,High/High,183,76,Lean,#Engine,SUB,8.0,CAM,10.0,68.0,77.0,79.0,80.0,68.0,74.0,,,,,,,"Power Free-Kick, Argues with Officials",75,75,58,84,79,81,70,66,80,83,66,69,73,81,74,81,66,89,67,74,74,69,84,81,75,81,68,72,68,6,11,5,10,8
Lucas Digne,25,1993-07-20,25200000.0,83,3.5714285714285716e-07,3.5714285714285716e-07,France,Everton,LB,Left,3,3,High/Medium,178,74,Lean,,LB,12.0,,,78.0,69.0,79.0,79.0,80.0,76.0,,,,,,,"Inflexible, Injury Prone, Argues with Officials",85,60,71,81,68,78,81,83,73,83,79,78,69,83,78,83,92,85,69,76,76,82,72,73,60,79,78,83,84,6,12,9,6,13
Pablo Sarabia García,27,1992-05-11,25200000.0,83,3.5714285714285716e-07,3.5714285714285716e-07,Spain,Paris Saint-Germain,"CAM, CM, RM",Left,4,4,High/Medium,174,70,Normal,#Dribbler,SUB,19.0,,,75.0,76.0,82.0,84.0,57.0,57.0,,,,,,,"Speed Dribbler (CPU AI Only), Crowd Favourite",84,78,61,83,64,86,84,74,79,85,74,75,79,77,80,76,32,71,57,77,46,58,82,84,69,74,60,54,49,16,7,15,6,14
Alejandro Grimaldo García,23,1995-09-20,25200000.0,83,3.5714285714285716e-07,3.5714285714285716e-07,Spain,SL Benfica,LB,Left,2,3,High/Medium,171,69,Normal,,LB,3.0,,,85.0,63.0,79.0,84.0,77.0,71.0,,,,,,,Early Crosser,84,50,65,81,58,84,85,81,79,83,86,84,84,83,86,79,64,90,63,79,68,81,75,68,51,81,75,78,79,7,13,10,7,13
Jordan Pickford,25,1994-03-07,25200000.0,83,3.5714285714285716e-07,3.5714285714285716e-07,England,Everton,GK,Left,4,1,Medium/Medium,185,77,Normal,,GK,1.0,GK,1.0,,,,,,,82.0,78.0,87.0,86.0,48.0,82.0,"Leadership, Swerve Pass, Flair Passes",17,19,15,55,20,14,18,16,56,40,53,44,55,84,55,65,77,45,70,13,42,24,18,68,45,68,21,20,12,82,78,87,82,86
Federico Bernardeschi,25,1994-02-16,25200000.0,83,3.5714285714285716e-07,3.5714285714285716e-07,Italy,Juventus,"RM, CAM",Left,3,5,High/Medium,185,77,Lean,#Dribbler,SUB,33.0,RW,20.0,81.0,75.0,81.0,87.0,60.0,66.0,,,,,,,"Selfish, Argues with Officials, Speed Dribbler (CPU AI Only), Crowd Favourite",82,68,54,85,74,88,82,80,71,88,82,81,85,80,79,82,49,79,67,82,52,66,78,82,72,82,66,54,50,14,15,10,13,12
Jordan Brian Henderson,29,1990-06-17,25200000.0,83,3.5714285714285716e-07,3.5714285714285716e-07,England,Liverpool,"CDM, CM",Right,3,3,High/High,182,80,Normal,#Engine,RCM,14.0,RCM,8.0,64.0,70.0,83.0,77.0,78.0,80.0,,,,,,,"Power Free-Kick, Avoids Using Weaker Foot, Dives Into Tackles (CPU AI Only), Leadership, Giant Throw-in",82,67,65,84,71,76,80,74,84,81,65,64,69,84,70,77,77,90,74,71,82,80,75,83,64,78,79,80,76,7,13,7,9,13
Cristiano Ronaldo dos Santos Aveiro,34,1985-02-05,54000000.0,93,3.5185185185185183e-07,3.5185185185185183e-07,Portugal,Juventus,"ST, LW",Right,4,5,High/Low,187,83,C. Ronaldo,"#Speedster, #Dribbler, #Distance Shooter, #Acrobat, #Clinical Finisher, #Complete Forward",LW,7.0,LS,7.0,90.0,93.0,82.0,89.0,35.0,78.0,,,,,,,"Long Throw-in, Selfish, Argues with Officials, Early Crosser, Speed Dribbler (CPU AI Only), Skilled Dribbling",84,94,89,83,87,89,81,76,77,92,89,91,87,96,71,95,95,85,78,93,63,29,95,82,85,95,28,32,24,7,11,15,14,11
Kepa Arrizabalaga,24,1994-10-03,28800000.0,84,3.4722222222222224e-07,3.4722222222222224e-07,Spain,Chelsea,GK,Right,4,1,Medium/Medium,186,85,Lean,,GK,1.0,SUB,13.0,,,,,,,84.0,82.0,86.0,85.0,33.0,80.0,"Flair, Flair Passes",25,11,18,51,18,10,25,19,53,16,34,33,41,78,39,65,71,37,51,14,18,21,15,57,24,63,19,18,16,84,82,86,80,85
Felipe  Anderson Pereira Gomes,26,1993-04-15,28800000.0,84,3.4722222222222224e-07,3.4722222222222224e-07,Brazil,West Ham United,LM,Right,4,4,High/Medium,175,70,Normal,#Dribbler,RM,8.0,,,89.0,77.0,79.0,89.0,55.0,61.0,,,,,,,"Beat Offside Trap, Selfish, Argues with Officials, Early Crosser",81,74,44,81,73,90,77,69,76,88,89,89,89,77,87,86,37,74,55,84,67,69,76,81,53,84,47,59,46,12,10,9,5,7
Nabil Fekir,25,1993-07-18,28800000.0,84,3.4722222222222224e-07,3.4722222222222224e-07,France,Real Betis,CAM,Left,3,4,High/Medium,173,75,Normal,#Dribbler,RM,8.0,,,78.0,82.0,81.0,88.0,33.0,77.0,,,,,,,"Long Throw-in, Beat Offside Trap, Selfish, Speed Dribbler (CPU AI Only), Outside Foot Shot, Crowd Favourite",83,82,49,83,77,90,81,80,75,89,79,77,82,78,91,84,64,74,82,82,73,28,81,81,74,89,31,37,25,15,9,8,14,15
Alex Nicolao Telles,26,1992-12-15,28800000.0,84,3.4722222222222224e-07,3.4722222222222224e-07,Brazil,FC Porto,LB,Left,2,3,High/High,181,71,Lean,"#Engine, #Crosser",LB,13.0,,,85.0,72.0,84.0,81.0,80.0,76.0,,,,,,,"Diver, Early Crosser, Giant Throw-in",89,65,74,84,67,82,87,79,87,83,84,85,73,83,70,80,80,91,68,76,78,80,76,76,81,80,80,81,79,13,8,12,11,14
Jonathan Tah,23,1996-02-11,26550000.0,83,3.389830508474576e-07,3.389830508474576e-07,Germany,Bayer 04 Leverkusen,CB,Right,4,2,Medium/Medium,195,97,Stocky,"#Aerial Threat, #Strength",RCB,4.0,SUB,5.0,71.0,27.0,59.0,57.0,83.0,81.0,,,,,,,,35,20,80,75,24,55,30,27,69,64,64,77,48,81,38,44,72,64,93,25,76,80,27,61,38,75,83,87,84,11,8,7,9,14
Ciro Immobile,29,1990-02-20,36000000.0,86,3.3333333333333335e-07,3.3333333333333335e-07,Italy,Lazio,ST,Right,4,3,High/Medium,185,85,Normal,#Clinical Finisher,ST,17.0,ST,17.0,80.0,85.0,63.0,81.0,39.0,76.0,,,,,,,Speed Dribbler (CPU AI Only),55,87,81,74,85,83,70,51,49,83,76,83,75,87,63,86,77,79,73,80,77,40,91,65,78,81,34,33,32,6,8,15,12,6
Francisco Román Alarcón Suárez,27,1992-04-21,36000000.0,86,3.3333333333333335e-07,3.3333333333333335e-07,Spain,Real Madrid,"CAM, CM, LW",Right,3,4,Medium/Low,176,79,Normal,#Dribbler,SUB,22.0,LW,22.0,71.0,77.0,83.0,91.0,59.0,60.0,,,,,,,"Injury Free, Beat Offside Trap, Selfish, Finesse Shot, Speed Dribbler (CPU AI Only), Crowd Favourite",78,79,55,84,67,92,88,76,80,93,74,68,85,76,90,69,61,62,59,84,58,61,79,87,76,86,58,64,51,10,8,12,15,6
Andrej Kramarić,28,1991-06-19,27450000.0,83,3.2786885245901637e-07,3.2786885245901637e-07,Croatia,TSG 1899 Hoffenheim,"ST, CAM, LW",Right,4,4,Medium/Medium,177,73,Normal,"#Dribbler, #Clinical Finisher, #Complete Forward",LS,27.0,,,73.0,85.0,73.0,85.0,30.0,71.0,,,,,,,"Injury Free, Selfish, Argues with Officials, Outside Foot Shot, Crowd Favourite",76,86,69,79,85,86,79,74,53,85,76,70,83,83,83,83,69,77,67,85,73,21,84,72,90,82,35,20,26,8,14,14,7,15
Thibaut Courtois,27,1992-05-11,43200000.0,88,3.2407407407407406e-07,3.2407407407407406e-07,Belgium,Real Madrid,GK,Left,2,1,Medium/Medium,199,96,Courtois,,GK,13.0,GK,1.0,,,,,,,85.0,89.0,72.0,87.0,49.0,85.0,"Flair, Acrobatic Clearance",14,14,13,33,12,13,19,20,35,23,46,52,61,83,45,54,68,38,70,17,23,15,13,44,27,66,20,18,16,85,89,72,85,87
Toni Kroos,29,1990-01-04,43200000.0,88,3.2407407407407406e-07,3.2407407407407406e-07,Germany,Real Madrid,CM,Right,5,3,Medium/Medium,183,76,Normal,"#Playmaker  , #Crosser, #Complete Midfielder",LCM,8.0,SUB,8.0,45.0,80.0,90.0,81.0,70.0,69.0,,,,,,,"Argues with Officials, Finesse Shot, Crowd Favourite",88,75,58,91,82,80,86,84,92,89,50,41,60,87,71,87,30,74,73,86,60,76,75,89,73,88,72,70,62,10,11,13,7,10
Sergio Leonel Agüero del Castillo,31,1988-06-02,46800000.0,89,3.205128205128205e-07,3.205128205128205e-07,Argentina,Manchester City,ST,Right,4,4,High/Medium,173,70,Stocky,"#Dribbler, #Clinical Finisher, #Complete Forward",ST,10.0,ST,9.0,80.0,90.0,77.0,88.0,33.0,74.0,,,,,,,"Avoids Using Weaker Foot, Outside Foot Shot",70,93,78,83,85,88,83,73,64,89,82,78,84,92,91,89,81,79,74,84,65,24,93,83,83,90,30,29,24,13,15,6,11,14
Lucas Rodrigues M. Silva,26,1992-08-13,28800000.0,83,3.125e-07,3.125e-07,Brazil,Tottenham Hotspur,"CF, RM, LM",Right,4,4,High/Medium,174,70,Normal,"#Speedster, #Dribbler, #Acrobat",SUB,27.0,,,92.0,79.0,76.0,87.0,42.0,66.0,,,,,,,"Injury Free, Selfish, Early Crosser",75,82,50,77,72,88,71,74,74,83,95,89,93,81,92,79,90,76,57,76,72,50,82,76,74,82,31,43,44,9,10,14,7,14
Luka Jović,21,1997-12-23,28800000.0,83,3.125e-07,3.125e-07,Serbia,Real Madrid,ST,Right,5,3,Medium/Medium,182,85,Stocky,#Poacher,SUB,18.0,,,77.0,82.0,68.0,81.0,29.0,74.0,,,,,,,"Speed Dribbler (CPU AI Only), Outside Foot Shot",67,86,79,74,84,81,77,46,58,83,76,77,78,83,77,83,75,76,78,76,62,23,84,70,66,79,25,26,16,8,7,12,9,13
Florian Thauvin,26,1993-01-26,28800000.0,83,3.125e-07,3.125e-07,France,Olympique de Marseille,"RW, RM",Left,3,4,High/Medium,179,70,Normal,#Acrobat,RW,26.0,SUB,20.0,83.0,80.0,81.0,83.0,41.0,69.0,,,,,,,"Beat Offside Trap, Selfish, Argues with Officials, Crowd Favourite",82,80,72,83,75,82,84,72,76,84,87,80,86,83,71,83,77,83,66,80,56,42,84,80,78,82,46,29,31,8,11,14,10,9
Marco Asensio Willemsen,23,1996-01-21,28800000.0,83,3.125e-07,3.125e-07,Spain,Real Madrid,"LW, RW",Left,3,4,High/Medium,182,76,Normal,,SUB,20.0,RW,20.0,81.0,80.0,82.0,84.0,43.0,62.0,,,,,,,Argues with Officials,82,78,57,82,79,85,83,76,81,87,83,80,79,78,76,86,58,79,61,84,45,45,81,82,62,83,40,42,39,13,9,6,12,10
Arkadiusz Milik,25,1994-02-28,28800000.0,83,3.125e-07,3.125e-07,Poland,Napoli,ST,Left,3,4,Medium/Medium,186,78,Lean,"#Poacher, #Clinical Finisher",RS,99.0,SUB,7.0,69.0,85.0,64.0,76.0,39.0,74.0,,,,,,,"Power Free-Kick, Speed Dribbler (CPU AI Only)",58,88,80,66,78,76,74,84,62,81,67,71,67,77,63,86,64,70,80,82,67,36,85,60,79,78,35,34,32,9,16,16,15,6
João Pedro Cavaco Cancelo,25,1994-05-27,32400000.0,84,3.08641975308642e-07,3.08641975308642e-07,Portugal,Manchester City,RB,Right,3,4,High/Medium,182,74,Lean,#Crosser,SUB,27.0,SUB,2.0,90.0,65.0,80.0,84.0,78.0,71.0,,,,,,,Crowd Favourite,86,58,68,81,62,85,82,69,75,84,89,90,82,84,79,80,72,92,60,68,73,78,78,78,46,82,79,80,80,6,9,15,14,14
Hakim Ziyech,26,1993-03-19,36000000.0,85,3.0555555555555553e-07,3.0555555555555553e-07,Morocco,Ajax,"CAM, RW",Left,2,4,High/Medium,181,65,Lean,"#Playmaker  , #Acrobat",RAM,22.0,,,80.0,75.0,86.0,83.0,50.0,66.0,,,,,,,"Selfish, Leadership, Argues with Officials, Finesse Shot, Speed Dribbler (CPU AI Only), Crowd Favourite",84,73,53,86,74,83,90,78,89,83,83,77,86,84,78,80,37,84,58,77,73,52,82,89,67,77,44,56,40,11,7,11,8,14
Alex Sandro Lobo Silva,28,1991-01-26,36000000.0,85,3.0555555555555553e-07,3.0555555555555553e-07,Brazil,Juventus,"LB, LM",Left,3,3,High/Medium,180,80,Normal,,LB,12.0,,,83.0,65.0,77.0,80.0,82.0,82.0,,,,,,,Early Crosser,84,55,76,81,68,80,78,59,71,81,81,85,78,84,77,80,79,91,78,72,82,82,70,70,60,82,81,84,84,7,7,9,12,5
Daniel Carvajal Ramos,27,1992-01-11,36000000.0,85,3.0555555555555553e-07,3.0555555555555553e-07,Spain,Real Madrid,RB,Right,3,3,High/High,173,73,Stocky,#Engine,RB,2.0,RB,2.0,81.0,47.0,78.0,81.0,82.0,80.0,,,,,,,,84,41,70,83,34,78,74,47,74,84,79,83,80,84,82,68,77,90,74,36,84,83,75,74,45,82,83,83,85,13,13,15,9,15
Thiago Alcântara do Nascimento,28,1991-04-11,43200000.0,87,3.0092592592592594e-07,3.0092592592592594e-07,Spain,FC Bayern München,"CM, CAM, CDM",Right,3,5,Medium/Medium,174,70,Normal,"#Dribbler, #Playmaker  , #Acrobat, #Complete Midfielder",CDM,6.0,RCM,10.0,69.0,74.0,85.0,90.0,69.0,63.0,,,,,,,"Power Free-Kick, Injury Prone, Selfish, Speed Dribbler (CPU AI Only), Crowd Favourite",78,69,54,90,86,90,85,77,87,91,76,64,91,86,88,76,76,75,59,79,56,83,79,86,75,87,67,67,71,6,11,7,9,13
Lorenzo Insigne,28,1991-06-04,43200000.0,87,3.0092592592592594e-07,3.0092592592592594e-07,Italy,Napoli,"CF, LW, ST",Right,4,4,High/Medium,163,59,Normal,"#Dribbler, #Crosser, #Acrobat",LS,24.0,LW,10.0,89.0,79.0,85.0,91.0,35.0,47.0,,,,,,,"Beat Offside Trap, Argues with Officials, Early Crosser",86,77,59,87,74,90,87,77,78,93,94,85,94,84,93,79,52,72,40,85,34,26,85,89,68,83,49,24,22,8,4,14,9,10
Robert Lewandowski,30,1988-08-21,50400000.0,89,2.976190476190476e-07,2.976190476190476e-07,Poland,FC Bayern München,ST,Right,4,4,High/Medium,184,80,Normal,#Clinical Finisher,ST,9.0,LS,9.0,77.0,87.0,74.0,85.0,41.0,82.0,,,,,,,"Diver, Beat Offside Trap, Speed Dribbler (CPU AI Only), Outside Foot Shot",62,88,85,82,88,85,77,85,65,88,77,77,78,90,82,87,84,78,84,84,81,39,91,77,86,86,34,42,19,15,6,12,8,10
Kalidou Koulibaly,28,1991-06-20,50400000.0,89,2.976190476190476e-07,2.976190476190476e-07,Senegal,Napoli,CB,Right,3,2,Medium/High,187,89,Normal,"#Tackling , #Tactician , #Strength, #Complete Defender",LCB,26.0,,,71.0,28.0,54.0,67.0,89.0,87.0,,,,,,,Long Passer (CPU AI Only),30,22,83,71,14,69,28,28,63,71,69,73,52,86,41,55,81,73,95,15,87,88,35,52,33,82,91,90,87,7,11,7,13,5
Ederson Santana de Moraes,25,1993-08-17,50400000.0,88,2.7777777777777776e-07,2.7777777777777776e-07,Brazil,Manchester City,GK,Left,3,1,Medium/Medium,188,86,Normal,,GK,31.0,,,,,,,,,86.0,82.0,93.0,88.0,63.0,86.0,"Leadership, Swerve Pass, Acrobatic Clearance",20,14,14,56,18,23,15,20,58,40,64,63,60,87,48,70,66,41,68,18,38,27,20,70,17,70,29,15,8,86,82,93,86,88
Pierre-Emerick Aubameyang,30,1989-06-18,50400000.0,88,2.7777777777777776e-07,2.7777777777777776e-07,Gabon,Arsenal,"ST, LM",Right,4,4,Medium/Low,187,80,Lean,"#Poacher, #Speedster, #Complete Forward",LM,14.0,,,94.0,85.0,75.0,80.0,37.0,69.0,,,,,,,"Diver, Beat Offside Trap, Early Crosser, Speed Dribbler (CPU AI Only), Outside Foot Shot",76,89,78,77,86,79,80,74,64,82,93,95,76,87,69,82,79,78,74,79,43,48,90,77,76,85,27,25,36,6,9,15,9,9
Milan Škriniar,24,1995-02-11,43200000.0,86,2.7777777777777776e-07,2.7777777777777776e-07,Slovakia,Inter,CB,Right,4,2,Medium/High,187,80,Normal,#Tactician ,LCB,37.0,,,69.0,41.0,59.0,66.0,87.0,82.0,,,,,,,,40,42,82,73,40,67,34,30,69,69,70,69,48,83,51,50,78,75,85,30,86,86,30,57,56,81,92,87,83,10,13,12,8,12
Alexandre Lacazette,28,1991-05-28,43200000.0,86,2.7777777777777776e-07,2.7777777777777776e-07,France,Arsenal,ST,Right,4,4,High/High,175,73,Normal,#Dribbler,ST,9.0,,,82.0,85.0,75.0,86.0,40.0,74.0,,,,,,,"Selfish, Speed Dribbler (CPU AI Only), Crowd Favourite",68,87,74,81,82,86,74,74,69,86,82,82,85,86,85,86,76,79,73,78,72,42,87,78,84,86,29,42,30,11,6,9,5,6
Julian Brandt,23,1996-05-02,36000000.0,84,2.7777777777777776e-07,2.7777777777777776e-07,Germany,Borussia Dortmund,"CAM, LM, RM",Right,4,4,Medium/Medium,185,83,Normal,#Dribbler,SUB,19.0,SUB,10.0,82.0,78.0,81.0,85.0,40.0,68.0,,,,,,,"Selfish, Argues with Officials, Speed Dribbler (CPU AI Only), Crowd Favourite",78,79,53,86,78,86,77,59,80,86,78,86,81,83,78,81,63,78,74,80,43,39,80,84,54,82,39,42,29,11,16,11,8,9
Kyle Walker,29,1990-05-28,36000000.0,84,2.7777777777777776e-07,2.7777777777777776e-07,England,Manchester City,RB,Right,2,2,High/High,183,70,Normal,"#Speedster, #Engine",RB,2.0,RB,2.0,91.0,63.0,76.0,77.0,81.0,81.0,,,,,,,"Inflexible, Early Crosser",81,51,74,78,57,79,76,71,75,78,87,94,66,83,70,86,83,89,77,69,78,81,68,69,63,75,78,84,83,12,6,16,15,8
Georginio Wijnaldum,28,1990-11-11,36000000.0,84,2.7777777777777776e-07,2.7777777777777776e-07,Netherlands,Liverpool,"CM, CDM",Right,3,4,High/High,175,69,Lean,#Engine,LCM,5.0,CAM,8.0,77.0,73.0,78.0,84.0,76.0,78.0,,,,,,,Selfish,69,70,74,85,73,85,76,67,79,85,79,76,81,83,84,78,79,93,72,71,74,78,78,78,74,86,76,78,69,16,6,14,12,6
İlkay Gündoğan,28,1990-10-24,36000000.0,84,2.7777777777777776e-07,2.7777777777777776e-07,Germany,Manchester City,"CM, CDM",Right,4,4,High/Medium,180,80,Normal,#Playmaker  ,SUB,8.0,LCM,21.0,66.0,74.0,84.0,84.0,72.0,71.0,,,,,,,"Power Free-Kick, Selfish, Finesse Shot, Crowd Favourite",78,71,50,88,75,84,85,74,85,88,67,66,77,85,77,77,61,71,73,74,70,77,78,86,76,87,75,74,67,11,14,5,5,13
Leon Goretzka,24,1995-02-06,36000000.0,84,2.7777777777777776e-07,2.7777777777777776e-07,Germany,FC Bayern München,"CM, CAM, CDM",Right,4,3,High/Medium,189,79,Lean,,SUB,18.0,RCM,18.0,81.0,77.0,80.0,81.0,75.0,79.0,,,,,,,"Injury Prone, Argues with Officials, Early Crosser",75,76,80,84,68,81,76,75,79,84,84,78,76,84,70,79,74,86,75,83,80,79,79,82,60,80,72,74,73,13,8,15,11,9
Álvaro Borja Morata Martín,26,1992-10-23,32400000.0,83,2.7777777777777776e-07,2.7777777777777776e-07,Spain,Atlético Madrid,ST,Right,4,3,High/High,189,84,Normal,,LS,9.0,ST,7.0,81.0,79.0,71.0,80.0,31.0,72.0,,,,,,,Early Crosser,73,81,86,78,80,83,76,44,51,82,75,85,66,80,58,80,84,70,79,72,56,24,85,76,70,76,37,14,20,4,5,4,4,5
Sébastien Haller,25,1994-06-22,32400000.0,83,2.7777777777777776e-07,2.7777777777777776e-07,France,West Ham United,ST,Right,2,3,High/Medium,190,82,Lean,,ST,22.0,,,72.0,81.0,62.0,76.0,51.0,82.0,,,,,,,,40,85,86,76,82,76,57,46,45,80,68,76,68,84,53,81,80,72,89,67,76,36,84,75,91,82,39,61,55,6,7,14,7,6
Alessio Romagnoli,24,1995-01-12,32400000.0,83,2.7777777777777776e-07,2.7777777777777776e-07,Italy,Milan,CB,Left,3,2,Medium/High,188,78,Normal,,LCB,13.0,SUB,13.0,63.0,40.0,55.0,66.0,85.0,79.0,,,,,,,Leadership,36,30,77,72,28,65,36,24,71,70,60,66,60,78,53,64,78,72,80,46,85,86,31,45,34,76,88,86,82,9,14,12,8,9
John Stones,25,1994-05-28,32400000.0,83,2.7777777777777776e-07,2.7777777777777776e-07,England,Manchester City,CB,Right,4,3,High/Medium,188,70,Lean,,RCB,5.0,RCB,5.0,68.0,36.0,70.0,72.0,84.0,77.0,,,,,,,Inflexible,62,29,83,82,27,69,47,29,75,80,65,71,60,82,59,46,75,77,77,38,79,81,49,67,44,82,85,85,82,7,15,11,10,8
Kingsley Coman,23,1996-06-13,36000000.0,84,2.7777777777777776e-07,2.7777777777777776e-07,France,FC Bayern München,"LM, RM, LW",Right,3,4,Medium/Low,179,75,Lean,"#Speedster, #Dribbler, #Acrobat",LW,29.0,SUB,8.0,92.0,76.0,77.0,87.0,29.0,60.0,,,,,,,"Power Free-Kick, Early Crosser",79,76,52,78,77,87,84,70,72,87,94,91,88,84,85,80,73,69,64,73,36,23,83,79,70,76,29,27,21,5,3,5,3,5
Miralem Pjanić,29,1990-04-02,46800000.0,86,2.564102564102564e-07,2.564102564102564e-07,Bosnia Herzegovina,Juventus,"CM, CDM",Right,4,3,Medium/Medium,178,72,Normal,"#Dribbler, #Playmaker  , #FK Specialist, #Complete Midfielder",CDM,5.0,,,68.0,68.0,87.0,85.0,75.0,67.0,,,,,,,"Beat Offside Trap, Argues with Officials, Finesse Shot, Crowd Favourite",80,56,60,91,72,86,86,92,87,89,69,67,75,84,81,78,60,79,61,82,70,78,68,88,79,86,78,76,70,7,7,13,7,8
Marcos  Aoás Corrêa,25,1994-05-14,46800000.0,86,2.564102564102564e-07,2.564102564102564e-07,Brazil,Paris Saint-Germain,"CB, CDM",Right,3,3,Medium/High,183,75,Normal,"#Tackling , #Tactician ",RCB,5.0,,,74.0,41.0,73.0,70.0,86.0,77.0,,,,,,,Inflexible,68,33,84,82,31,64,55,32,82,79,72,76,69,85,68,61,89,76,75,35,80,86,59,68,47,86,86,87,87,6,6,12,10,13
Bruno Miguel Borges Fernandes,24,1994-09-08,43200000.0,85,2.5462962962962963e-07,2.5462962962962963e-07,Portugal,Sporting CP,"CAM, CM",Right,4,4,High/High,179,69,Lean,"#Playmaker  , #Engine, #Distance Shooter, #Crosser, #FK Specialist, #Complete Midfielder",RCM,8.0,RCM,16.0,77.0,83.0,87.0,85.0,65.0,74.0,,,,,,,"Avoids Using Weaker Foot, Selfish, Leadership, Argues with Officials, Finesse Shot, Speed Dribbler (CPU AI Only), Crowd Favourite",86,77,58,86,86,85,86,87,87,87,79,76,78,84,79,89,72,92,67,88,70,73,81,88,87,86,66,64,57,12,14,15,8,14
Niklas Süle,23,1995-09-03,43200000.0,85,2.5462962962962963e-07,2.5462962962962963e-07,Germany,FC Bayern München,CB,Right,3,2,Medium/Medium,195,97,Stocky,"#Aerial Threat, #Tackling , #Strength",RCB,4.0,RCB,15.0,72.0,42.0,55.0,50.0,86.0,82.0,,,,,,,,34,22,86,78,33,43,28,30,69,63,53,87,34,81,33,77,40,66,94,62,83,81,26,40,32,75,85,89,87,15,7,14,7,15
Clément Lenglet,24,1995-06-17,43200000.0,85,2.5462962962962963e-07,2.5462962962962963e-07,France,FC Barcelona,CB,Left,4,2,Medium/High,186,81,Lean,#Tactician ,LCB,15.0,,,75.0,45.0,68.0,65.0,86.0,80.0,,,,,,,Long Passer (CPU AI Only),55,39,82,81,37,57,59,31,75,76,77,74,62,84,60,58,86,75,82,46,80,87,54,66,49,82,90,83,81,10,10,9,12,7
Luis Alberto Romero Alconchel,26,1992-09-28,39600000.0,84,2.525252525252525e-07,2.525252525252525e-07,Spain,Lazio,"CAM, CM, CF",Right,3,4,Medium/Medium,183,74,Lean,,CM,10.0,,,71.0,76.0,84.0,85.0,49.0,59.0,,,,,,,"Beat Offside Trap, Selfish, Leadership, Argues with Officials, Finesse Shot, Crowd Favourite",76,77,49,88,76,86,86,81,87,88,75,68,81,80,74,77,54,70,65,76,29,42,80,85,56,72,48,56,41,6,8,6,12,11
Memphis Depay,25,1994-02-13,39600000.0,84,2.525252525252525e-07,2.525252525252525e-07,Netherlands,Olympique Lyonnais,"CF, LW, CAM",Right,3,5,High/Low,176,78,Stocky,#FK Specialist,LW,11.0,ST,10.0,87.0,80.0,81.0,84.0,32.0,78.0,,,,,,,"Selfish, Argues with Officials, Finesse Shot, Speed Dribbler (CPU AI Only), Crowd Favourite",83,78,65,80,74,84,85,88,74,85,87,87,81,79,79,87,74,79,80,81,75,28,83,85,71,78,29,31,20,8,14,6,12,10
Wissam Ben Yedder,28,1990-08-12,36000000.0,83,2.5e-07,2.5e-07,France,AS Monaco,ST,Right,5,4,High/High,170,68,Normal,#Acrobat,RS,22.0,,,84.0,82.0,77.0,85.0,39.0,61.0,,,,,,,"Selfish, Speed Dribbler (CPU AI Only), Crowd Favourite",74,88,74,80,83,85,80,76,66,84,88,81,90,83,89,81,78,68,59,69,55,44,89,80,76,84,34,33,26,6,13,9,7,7
Giovani Lo Celso,23,1996-04-09,36000000.0,83,2.5e-07,2.5e-07,Argentina,Tottenham Hotspur,"CM, CAM, CF",Left,3,4,High/Medium,177,68,Normal,,SUB,18.0,RCM,20.0,77.0,78.0,82.0,85.0,65.0,72.0,,,,,,,"Beat Offside Trap, Selfish, Argues with Officials, Early Crosser, Finesse Shot, Crowd Favourite",78,80,57,83,69,85,82,71,83,86,76,78,83,82,79,82,63,79,70,76,72,71,79,85,65,81,61,67,62,10,7,10,15,14
Rodrigo Moreno Machado,28,1991-03-06,36000000.0,83,2.5e-07,2.5e-07,Spain,Valencia CF,ST,Left,3,4,High/Medium,182,77,Lean,,LS,19.0,SUB,9.0,90.0,80.0,74.0,82.0,44.0,70.0,,,,,,,"Beat Offside Trap, Finesse Shot, Speed Dribbler (CPU AI Only), Crowd Favourite",72,80,80,80,77,82,83,67,58,82,88,91,81,82,74,83,77,74,71,76,60,31,83,77,77,80,44,41,40,7,13,10,11,5
Marc-André ter Stegen,27,1992-04-30,64800000.0,90,2.469135802469136e-07,2.469135802469136e-07,Germany,FC Barcelona,GK,Right,4,1,Medium/Medium,187,85,Normal,,GK,1.0,SUB,22.0,,,,,,,88.0,85.0,88.0,90.0,45.0,88.0,"Swerve Pass, Acrobatic Clearance, Flair Passes",18,14,11,61,14,21,18,12,63,30,38,50,37,86,43,66,79,35,78,10,43,22,11,70,25,70,25,13,10,88,85,88,88,90
Gianluigi Donnarumma,20,1999-02-25,44550000.0,85,2.469135802469136e-07,2.469135802469136e-07,Italy,Milan,GK,Right,3,1,Medium/Medium,196,90,Normal,,GK,99.0,GK,22.0,,,,,,,90.0,80.0,74.0,90.0,50.0,80.0,"Swerve Pass, Acrobatic Clearance",12,12,12,34,8,28,12,14,24,28,46,54,64,79,38,56,72,34,72,18,30,26,14,50,24,68,20,14,16,90,80,74,80,90
Aymeric  Laporte,25,1994-05-27,54000000.0,87,2.4074074074074075e-07,2.4074074074074075e-07,France,Manchester City,"CB, LB",Left,3,2,Medium/Medium,189,85,Normal,"#Tackling , #Tactician ",LCB,14.0,,,64.0,50.0,71.0,68.0,88.0,82.0,,,,,,,Leadership,58,45,86,81,40,63,61,69,80,77,61,66,59,87,60,68,78,78,85,47,79,87,54,65,44,85,88,89,88,10,11,5,14,5
Philippe Coutinho Correia,27,1992-06-12,50400000.0,86,2.380952380952381e-07,2.380952380952381e-07,Brazil,FC Bayern München,"LW, CM",Right,4,5,High/Medium,172,68,Normal,"#Dribbler, #FK Specialist, #Acrobat",LCM,10.0,,,79.0,80.0,84.0,90.0,52.0,64.0,,,,,,,"Injury Free, Selfish, Argues with Officials, Crowd Favourite",79,77,48,84,78,90,90,86,82,91,84,75,92,82,93,82,59,76,61,88,59,49,84,86,70,77,55,54,47,12,7,9,14,6
Eden Hazard,28,1991-01-07,72000000.0,91,2.361111111111111e-07,2.361111111111111e-07,Belgium,Real Madrid,"LW, CF",Right,4,4,High/Medium,175,74,Normal,"#Speedster, #Dribbler, #Acrobat",LW,7.0,LF,10.0,91.0,83.0,86.0,94.0,35.0,66.0,,,,,,,"Beat Offside Trap, Selfish, Finesse Shot, Speed Dribbler (CPU AI Only), Crowd Favourite",81,84,61,89,83,95,83,79,83,94,94,88,95,90,94,82,56,84,63,80,54,41,87,89,88,91,34,27,22,11,12,6,8,8
Jan Oblak,26,1993-01-07,72000000.0,91,2.361111111111111e-07,2.361111111111111e-07,Slovenia,Atlético Madrid,GK,Right,3,1,Medium/Medium,188,87,Normal,,GK,13.0,GK,1.0,,,,,,,87.0,92.0,78.0,89.0,52.0,90.0,"Flair, Acrobatic Clearance",13,11,15,43,13,12,13,14,40,30,43,60,67,88,49,59,78,41,78,12,34,19,11,65,11,68,27,12,18,87,92,78,90,89
David Olatukunbo Alaba,27,1992-06-24,46800000.0,85,2.3504273504273505e-07,2.3504273504273505e-07,Austria,FC Bayern München,"LB, CB",Left,4,3,Medium/Medium,180,78,Lean,,LB,27.0,LM,8.0,83.0,73.0,81.0,80.0,80.0,76.0,,,,,,,Argues with Officials,82,63,74,82,68,79,78,85,79,82,79,86,78,84,78,85,83,85,74,80,69,82,76,77,79,80,80,80,80,5,7,14,15,9
Riyad Mahrez,28,1991-02-21,43200000.0,84,2.3148148148148148e-07,2.3148148148148148e-07,Algeria,Manchester City,"RW, RM",Left,4,5,Medium/Medium,179,67,Lean,"#Dribbler, #Acrobat",SUB,26.0,,,84.0,78.0,79.0,89.0,38.0,59.0,,,,,,,"Injury Free, Beat Offside Trap, Selfish, Argues with Officials, Crowd Favourite",81,77,48,78,76,90,84,78,75,90,87,82,92,77,87,79,60,76,54,80,48,39,79,81,70,84,45,31,22,15,9,13,11,6
Stefan de Vrij,27,1992-02-05,43200000.0,84,2.3148148148148148e-07,2.3148148148148148e-07,Netherlands,Inter,CB,Right,4,2,Medium/High,189,78,Normal,,CB,6.0,SUB,5.0,66.0,41.0,62.0,68.0,86.0,74.0,,,,,,,"Leadership, Long Passer (CPU AI Only)",49,25,80,73,27,66,45,16,71,71,65,66,62,81,59,65,76,62,78,60,78,85,32,64,41,82,88,87,84,8,10,7,14,13
Alisson Ramses Becker,26,1992-10-02,64800000.0,89,2.3148148148148148e-07,2.3148148148148148e-07,Brazil,Liverpool,GK,Right,3,1,Medium/Medium,191,91,Normal,,GK,1.0,,,,,,,,,85.0,84.0,85.0,89.0,51.0,90.0,"Flair, Swerve Pass",17,13,19,45,20,27,19,18,44,30,56,47,40,88,37,64,52,32,78,14,27,11,13,66,23,65,15,19,16,85,84,85,90,89
Christian  Dannemann Eriksen,27,1992-02-14,61200000.0,88,2.2875816993464053e-07,2.2875816993464053e-07,Denmark,Tottenham Hotspur,"CAM, CM",Right,5,4,High/High,181,76,Lean,"#Playmaker  , #Engine, #Crosser, #FK Specialist, #Complete Midfielder",RM,23.0,CAM,10.0,73.0,81.0,90.0,84.0,53.0,63.0,,,,,,,"Selfish, Argues with Officials, Finesse Shot",88,77,52,91,80,81,89,86,89,91,75,71,79,88,80,84,50,93,57,89,46,56,85,92,67,88,59,57,22,9,14,7,7,6
Wilfried Zaha,26,1992-11-10,39600000.0,83,2.2727272727272726e-07,2.2727272727272726e-07,Ivory Coast,Crystal Palace,"CF, LM, LW",Right,3,5,High/Low,180,66,Lean,"#Speedster, #Dribbler",LS,11.0,RW,9.0,91.0,76.0,72.0,88.0,27.0,74.0,,,,,,,"Injury Free, Selfish, Crowd Favourite",78,78,47,75,64,90,57,51,65,87,88,93,87,77,81,81,58,76,74,70,73,23,78,76,66,81,22,29,28,15,10,15,11,10
Carlos Henrique Venancio Casimiro,27,1992-02-23,57600000.0,87,2.2569444444444444e-07,2.2569444444444444e-07,Brazil,Real Madrid,CDM,Right,3,2,Medium/High,185,84,Normal,"#Tackling , #Tactician , #Strength, #Complete Defender",CDM,14.0,,,62.0,72.0,75.0,72.0,85.0,89.0,,,,,,,"Long Throw-in, Injury Prone, Argues with Officials",58,64,76,83,61,69,63,74,82,78,58,66,62,86,66,86,87,88,90,81,89,86,69,77,66,84,84,87,86,13,14,16,12,12
Marco Verratti,26,1992-11-05,54000000.0,86,2.2222222222222222e-07,2.2222222222222222e-07,Italy,Paris Saint-Germain,"CM, CDM",Right,4,4,Medium/High,165,60,Normal,"#Dribbler, #Playmaker  , #Acrobat, #Complete Midfielder",RCM,6.0,LCM,6.0,65.0,60.0,84.0,90.0,79.0,66.0,,,,,,,"Selfish, Finesse Shot",75,60,55,90,64,90,74,64,89,89,69,61,91,85,94,56,64,77,52,58,89,84,71,87,64,95,78,82,83,12,12,15,15,10
Virgil van Dijk,27,1991-07-08,72000000.0,90,2.2222222222222222e-07,2.2222222222222222e-07,Netherlands,Liverpool,CB,Right,3,2,Medium/Medium,193,92,Normal,"#Tackling , #Tactician , #Strength, #Complete Defender",LCB,4.0,LCB,4.0,77.0,60.0,70.0,71.0,90.0,86.0,,,,,,,"Diver, Avoids Using Weaker Foot, Leadership, Long Passer (CPU AI Only)",53,52,86,78,45,70,60,70,81,76,74,79,61,88,53,81,90,75,92,64,82,89,47,65,62,89,91,92,85,13,10,13,11,11
José María Giménez de Vargas,24,1995-01-20,50400000.0,85,2.1825396825396825e-07,2.1825396825396825e-07,Uruguay,Atlético Madrid,CB,Right,3,2,Medium/High,185,80,Normal,#Tackling ,RCB,2.0,,,69.0,45.0,52.0,54.0,86.0,82.0,,,,,,,Injury Prone,47,37,81,69,30,50,36,44,62,60,67,70,54,79,39,72,89,64,88,48,89,85,24,27,38,75,88,86,86,9,11,7,10,15
Paulo Bruno Exequiel Dybala,25,1993-11-15,64800000.0,88,2.1604938271604937e-07,2.1604938271604937e-07,Argentina,Juventus,"CAM, RW",Left,3,4,Medium/Medium,177,75,Normal,"#Dribbler, #Playmaker  , #FK Specialist, #Acrobat, #Complete Midfielder",RW,10.0,CF,21.0,83.0,82.0,84.0,90.0,43.0,64.0,,,,,,,"Beat Offside Trap, Selfish, Finesse Shot, Speed Dribbler (CPU AI Only), Crowd Favourite",82,80,64,87,88,90,88,88,75,93,86,81,91,84,85,80,75,79,61,86,48,42,80,87,86,84,32,48,40,5,4,4,5,8
Joshua Kimmich,24,1995-02-08,57600000.0,86,2.0833333333333333e-07,2.0833333333333333e-07,Germany,FC Bayern München,"RB, CM, CDM",Right,4,3,High/Low,176,73,Lean,#Crosser,RB,32.0,CDM,6.0,72.0,69.0,86.0,84.0,79.0,78.0,,,,,,,,91,66,74,87,67,83,85,61,85,85,77,68,84,87,84,76,79,94,66,71,86,80,80,84,44,85,78,80,79,8,15,7,15,15
Anthony Martial,23,1995-12-05,43200000.0,83,2.0833333333333333e-07,2.0833333333333333e-07,France,Manchester United,"LW, ST, LM",Right,3,4,Medium/Low,184,76,Normal,#Dribbler,ST,9.0,SUB,19.0,89.0,81.0,72.0,86.0,41.0,71.0,,,,,,,"Beat Offside Trap, Selfish, Early Crosser, Crowd Favourite",72,82,69,78,74,87,84,54,60,86,88,89,84,80,79,84,70,75,74,77,58,42,82,73,81,79,34,39,36,9,8,8,15,11
N'Golo Kanté,28,1991-03-29,72000000.0,89,2.0833333333333333e-07,2.0833333333333333e-07,France,Chelsea,"CDM, CM",Right,3,2,Medium/High,168,72,Normal,"#Tackling , #Tactician ",RCM,7.0,LDM,13.0,78.0,65.0,77.0,81.0,87.0,83.0,,,,,,,Diver,68,65,54,86,56,79,49,49,81,80,79,77,82,93,92,71,77,97,73,63,90,92,72,79,54,85,90,91,85,15,12,10,7,10
Davinson Sánchez,23,1996-06-12,43200000.0,83,2.0833333333333333e-07,2.0833333333333333e-07,Colombia,Tottenham Hotspur,CB,Right,3,2,Medium/High,187,79,Normal,,SUB,6.0,LCB,23.0,74.0,45.0,57.0,66.0,83.0,81.0,,,,,,,,36,40,80,76,28,63,30,27,67,73,68,79,60,79,55,66,75,75,83,44,87,82,34,49,44,75,82,84,86,9,7,10,6,15
Fabián Ruiz Peña,23,1996-04-03,43200000.0,83,2.0833333333333333e-07,2.0833333333333333e-07,Spain,Napoli,"CM, CDM, CAM",Left,4,4,Medium/Medium,189,70,Lean,,LCM,8.0,,,65.0,78.0,78.0,83.0,74.0,69.0,,,,,,,Argues with Officials,72,79,67,81,67,85,75,59,81,85,68,63,72,83,66,75,46,73,69,83,68,77,82,84,67,77,70,78,75,16,11,7,13,13
Mauro Emanuel Icardi Rivero,26,1993-02-19,54000000.0,85,2.037037037037037e-07,2.037037037037037e-07,Argentina,Inter,ST,Right,4,3,Medium/Low,181,75,Normal,#Poacher,RES,36.0,,,75.0,84.0,61.0,77.0,36.0,69.0,,,,,,,"Diver, Long Passer (CPU AI Only), Speed Dribbler (CPU AI Only)",46,89,88,73,85,75,58,45,54,80,76,75,75,85,76,84,94,67,73,70,56,22,92,64,82,79,45,24,20,13,9,5,7,9
Arthur Henrique Ramos Oliveira Melo,22,1996-08-12,50400000.0,84,1.9841269841269841e-07,1.9841269841269841e-07,Brazil,FC Barcelona,CM,Right,3,4,Medium/Medium,171,73,Normal,"#Dribbler, #Playmaker  , #Complete Midfielder",SUB,8.0,,,69.0,71.0,81.0,86.0,73.0,70.0,,,,,,,"Finesse Shot, Crowd Favourite",70,69,58,88,63,86,74,60,82,88,71,67,79,83,89,74,68,73,67,73,75,75,75,86,69,81,76,76,70,6,13,13,11,12
Ousmane Dembélé,22,1997-05-15,50400000.0,84,1.9841269841269841e-07,1.9841269841269841e-07,France,FC Barcelona,"RW, LW",Left,5,5,High/Medium,178,67,Lean,"#Speedster, #Dribbler",SUB,11.0,SUB,11.0,93.0,79.0,80.0,87.0,36.0,57.0,,,,,,,"Power Free-Kick, Selfish, Early Crosser, Crowd Favourite",84,79,43,82,76,89,82,64,76,85,94,93,89,78,83,83,59,69,52,78,54,36,78,78,75,82,42,30,33,6,6,14,10,13
Lionel Andrés Messi Cuccittini,32,1987-06-24,100800000.0,94,1.9841269841269841e-07,1.9841269841269841e-07,Argentina,FC Barcelona,"RW, CF, ST",Left,4,4,Medium/Low,170,72,Messi,"#Dribbler, #Distance Shooter, #Crosser, #FK Specialist, #Acrobat, #Clinical Finisher, #Complete Forward",RW,10.0,,,87.0,92.0,92.0,96.0,39.0,66.0,,,,,,,"Beat Offside Trap, Argues with Officials, Early Crosser, Finesse Shot, Speed Dribbler (CPU AI Only), 1-on-1 Rush, Giant Throw-in, Outside Foot Shot",88,95,70,92,88,97,93,94,92,96,91,84,93,95,95,86,68,75,68,94,48,40,94,94,75,96,33,37,26,6,11,15,14,8
Lucas Hernández,23,1996-02-14,50400000.0,84,1.9841269841269841e-07,1.9841269841269841e-07,France,FC Bayern München,"CB, LB",Left,3,2,High/High,182,76,Normal,,LCB,21.0,LB,21.0,81.0,54.0,70.0,71.0,83.0,82.0,,,,,,,Long Passer (CPU AI Only),78,53,82,79,46,65,59,39,63,79,79,83,70,85,68,62,85,83,79,51,86,83,62,63,42,76,81,84,86,10,7,8,14,10
Paul Pogba,26,1993-03-15,72000000.0,88,1.9444444444444445e-07,1.9444444444444445e-07,France,Manchester United,"CM, CDM",Right,4,5,High/Medium,191,84,Normal,"#Dribbler, #Playmaker  , #Strength, #Complete Midfielder",LDM,6.0,RDM,6.0,74.0,81.0,86.0,85.0,66.0,86.0,,,,,,,"Selfish, Leadership, Argues with Officials, Finesse Shot, Crowd Favourite",80,75,75,86,84,87,85,82,90,90,67,79,75,82,66,90,82,87,89,82,78,64,83,88,83,87,63,67,65,5,6,2,4,3
Nicolas Pépé,24,1995-05-29,46800000.0,83,1.9230769230769231e-07,1.9230769230769231e-07,Ivory Coast,Arsenal,"RM, RW, ST",Left,3,4,High/Low,183,73,Lean,"#Speedster, #Dribbler, #Acrobat",RM,19.0,SUB,19.0,91.0,81.0,75.0,85.0,33.0,67.0,,,,,,,"Injury Free, Beat Offside Trap, Argues with Officials, Early Crosser, Speed Dribbler (CPU AI Only), Crowd Favourite",78,82,57,75,70,86,79,72,67,82,90,91,91,83,79,80,68,84,68,79,43,28,82,80,85,83,36,27,25,11,14,11,6,8
Luiz Frello Filho Jorge,27,1991-12-20,46800000.0,83,1.9230769230769231e-07,1.9230769230769231e-07,Italy,Chelsea,"CM, CDM",Right,3,3,Medium/Medium,180,67,Lean,#Playmaker  ,CDM,5.0,CM,8.0,55.0,63.0,84.0,81.0,70.0,73.0,,,,,,,Finesse Shot,75,57,56,89,71,81,75,76,87,85,61,50,77,81,72,71,58,85,66,62,79,76,68,87,84,79,62,77,70,14,7,13,14,8
Raphaël Varane,26,1993-04-25,57600000.0,85,1.9097222222222223e-07,1.9097222222222223e-07,France,Real Madrid,CB,Right,3,2,Medium/High,191,81,Lean,#Tackling ,RCB,5.0,RCB,4.0,83.0,45.0,62.0,63.0,85.0,80.0,,,,,,,,36,40,83,75,42,55,46,52,76,77,79,86,63,83,38,52,79,72,86,53,77,82,44,59,43,84,87,86,85,11,11,9,5,14
Andrew Robertson,25,1994-03-11,57600000.0,85,1.9097222222222223e-07,1.9097222222222223e-07,Scotland,Liverpool,LB,Left,2,3,High/High,178,64,Lean,#Engine,LB,26.0,LB,3.0,85.0,62.0,77.0,79.0,80.0,75.0,,,,,,,"Dives Into Tackles (CPU AI Only), Early Crosser",89,57,63,79,32,78,78,30,71,81,83,86,78,84,74,74,62,94,65,65,80,82,76,77,55,79,81,83,80,11,8,10,7,14
Rodrigo Hernández Cascante,23,1996-06-22,57600000.0,85,1.9097222222222223e-07,1.9097222222222223e-07,Spain,Manchester City,"CDM, CM",Right,4,3,Medium/High,191,82,Lean,,SUB,16.0,SUB,16.0,67.0,68.0,77.0,77.0,82.0,80.0,,,,,,,,63,64,75,85,59,76,65,54,82,82,68,66,69,82,72,74,69,84,80,76,76,84,75,82,46,85,82,84,78,10,10,7,14,8
Sergej Milinković-Savić,24,1995-02-27,57600000.0,85,1.9097222222222223e-07,1.9097222222222223e-07,Serbia,Lazio,"CM, CAM",Right,4,4,High/Medium,191,76,Normal,,RDM,21.0,,,67.0,79.0,80.0,83.0,77.0,84.0,,,,,,,"Selfish, Long Passer (CPU AI Only), Speed Dribbler (CPU AI Only), Crowd Favourite",64,80,86,85,74,86,78,75,85,87,66,67,65,80,59,83,85,85,88,80,73,78,79,85,56,82,75,77,72,7,10,7,16,7
Roberto Firmino Barbosa de Oliveira,27,1991-10-02,64800000.0,86,1.8518518518518518e-07,1.8518518518518518e-07,Brazil,Liverpool,"CF, ST, CAM",Right,4,4,High/High,181,76,Lean,"#Dribbler, #Playmaker  , #Engine, #Complete Midfielder",CF,9.0,,,77.0,82.0,80.0,87.0,61.0,78.0,,,,,,,"Selfish, Finesse Shot, Outside Foot Shot, Crowd Favourite",72,85,78,86,81,88,80,65,76,88,78,77,80,86,81,81,81,88,74,76,73,58,87,86,72,88,60,64,42,8,11,9,6,10
Matthijs de Ligt,19,1999-08-12,60750000.0,85,1.8106995884773662e-07,1.8106995884773662e-07,Netherlands,Juventus,CB,Right,4,2,Medium/High,189,89,Normal,#Strength,SUB,4.0,RCB,3.0,67.0,58.0,66.0,68.0,83.0,84.0,,,,,,,"Diver, Avoids Using Weaker Foot, Long Passer (CPU AI Only)",52,50,85,76,40,66,48,55,74,74,61,72,56,83,60,82,84,77,88,64,82,82,44,63,40,82,86,82,80,12,11,11,12,10
Bernardo Mota Veiga de Carvalho e Silva,24,1994-08-10,72000000.0,87,1.8055555555555556e-07,1.8055555555555556e-07,Portugal,Manchester City,"RW, CAM, CM",Left,3,4,High/High,173,64,Lean,"#Dribbler, #Engine, #Acrobat",RW,20.0,CAM,10.0,81.0,76.0,83.0,92.0,51.0,67.0,,,,,,,"Selfish, Finesse Shot, Crowd Favourite",85,78,51,86,69,92,84,67,74,92,85,78,94,85,92,74,51,93,54,75,69,49,85,85,68,87,49,59,40,9,10,14,12,9
Romelu Lukaku,26,1993-05-13,61200000.0,85,1.7973856209150327e-07,1.7973856209150327e-07,Belgium,Inter,ST,Left,4,3,Medium/Medium,190,94,Stocky,#Strength,LS,9.0,ST,9.0,75.0,82.0,73.0,72.0,35.0,84.0,,,,,,,"Early Crosser, Long Passer (CPU AI Only)",72,84,85,75,77,78,78,66,71,70,64,84,55,84,46,87,71,75,95,74,71,27,86,73,78,81,30,30,30,8,15,14,7,10
Bamidele Alli,23,1996-04-11,57600000.0,84,1.7361111111111112e-07,1.7361111111111112e-07,England,Tottenham Hotspur,"CAM, CM",Right,3,4,High/High,188,80,Lean,#Engine,CAM,20.0,LCM,20.0,72.0,81.0,79.0,82.0,71.0,79.0,,,,,,,"Selfish, Crowd Favourite",68,82,83,84,79,83,75,68,80,86,68,76,75,86,62,78,71,89,72,80,84,74,88,83,74,87,70,70,63,7,6,9,11,8
Antoine Griezmann,28,1991-03-21,86400000.0,89,1.7361111111111112e-07,1.7361111111111112e-07,France,FC Barcelona,"CF, ST, LW",Left,3,4,High/High,176,73,Normal,"#Dribbler, #Engine, #Acrobat, #Clinical Finisher, #Complete Forward",LW,17.0,CAM,7.0,81.0,86.0,84.0,89.0,57.0,72.0,,,,,,,"Beat Offside Trap, Selfish, Argues with Officials, Finesse Shot, Speed Dribbler (CPU AI Only), Outside Foot Shot, Crowd Favourite",83,89,84,85,87,88,86,85,82,90,82,81,90,92,83,82,89,87,63,83,73,49,90,86,86,89,59,54,49,14,8,14,13,14
Frenkie de Jong,22,1997-05-12,64800000.0,85,1.697530864197531e-07,1.697530864197531e-07,Netherlands,FC Barcelona,"CM, CDM",Right,3,4,Medium/High,180,74,Lean,"#Dribbler, #Playmaker  , #Complete Midfielder",LCM,21.0,LDM,21.0,79.0,64.0,84.0,87.0,76.0,76.0,,,,,,,"Selfish, Finesse Shot, Speed Dribbler (CPU AI Only), Crowd Favourite",75,64,66,90,69,88,84,64,86,89,80,78,84,87,79,68,76,82,74,62,72,81,70,86,45,90,75,75,77,7,13,10,10,9
Saúl Ñíguez Esclápez,24,1994-11-21,64800000.0,85,1.697530864197531e-07,1.697530864197531e-07,Spain,Atlético Madrid,"CM, LM, RM",Left,4,3,High/High,184,77,Lean,#Engine,LCM,8.0,LCM,6.0,70.0,78.0,79.0,81.0,78.0,78.0,,,,,,,"Beat Offside Trap, Argues with Officials",69,78,83,85,76,81,72,60,83,85,71,70,73,82,69,82,78,87,77,81,69,79,82,82,55,83,77,78,77,7,13,12,10,9
Leroy Sané,23,1996-01-11,72000000.0,86,1.6666666666666668e-07,1.6666666666666668e-07,Germany,Manchester City,LW,Left,3,4,High/Medium,183,75,Lean,"#Speedster, #Dribbler, #Acrobat",SUB,19.0,LW,19.0,95.0,81.0,79.0,86.0,38.0,70.0,,,,,,,"Long Throw-in, Selfish, Early Crosser",83,81,72,80,85,88,83,82,64,85,93,96,86,81,80,87,64,78,70,78,61,34,84,82,71,80,36,32,35,8,12,9,9,14
Kevin De Bruyne,28,1991-06-28,108000000.0,91,1.574074074074074e-07,1.574074074074074e-07,Belgium,Manchester City,"CAM, CM",Right,5,4,High/High,181,70,Normal,"#Dribbler, #Playmaker  , #Engine, #Distance Shooter, #Crosser, #Complete Midfielder",RCM,17.0,RCM,7.0,76.0,86.0,92.0,86.0,61.0,78.0,,,,,,,"Power Free-Kick, Avoids Using Weaker Foot, Dives Into Tackles (CPU AI Only), Leadership, Argues with Officials, Finesse Shot",93,82,55,92,82,86,85,83,91,91,77,76,78,91,76,91,63,89,74,90,76,61,88,94,79,91,68,58,51,15,13,5,10,13
Neymar da Silva Santos Junior,27,1992-02-05,115200000.0,92,1.5625e-07,1.5625e-07,Brazil,Paris Saint-Germain,"LW, CAM",Right,5,5,High/Medium,175,68,Neymar,"#Speedster, #Dribbler, #Playmaker  , #Crosser, #FK Specialist, #Acrobat, #Clinical Finisher, #Complete Midfielder, #Complete Forward",CAM,10.0,LW,10.0,91.0,85.0,87.0,95.0,32.0,58.0,,,,,,,"Power Free-Kick, Injury Free, Selfish, Early Crosser, Speed Dribbler (CPU AI Only), Crowd Favourite",87,87,62,87,87,96,88,87,81,95,94,89,96,92,84,80,61,81,49,84,51,36,87,90,90,94,27,26,29,9,9,15,15,11
Timo Werner,23,1996-03-06,57600000.0,83,1.5625e-07,1.5625e-07,Germany,RB Leipzig,ST,Right,4,3,High/Medium,180,75,Normal,#Speedster,LS,11.0,SUB,9.0,92.0,81.0,67.0,83.0,35.0,69.0,,,,,,,Early Crosser,69,86,77,77,84,83,63,56,55,84,93,92,81,86,76,79,71,83,65,70,63,37,85,61,72,74,39,20,19,9,9,8,15,9
Marcus Rashford,21,1997-10-31,57600000.0,83,1.5625e-07,1.5625e-07,England,Manchester United,"ST, LM",Right,3,5,High/High,186,70,Lean,"#Speedster, #Engine, #Acrobat",LM,10.0,SUB,11.0,92.0,82.0,73.0,84.0,45.0,77.0,,,,,,,"Long Throw-in, Selfish, Argues with Officials, Early Crosser, Giant Throw-in, Crowd Favourite",74,81,72,75,76,85,82,76,63,83,89,94,86,81,75,88,72,87,75,79,73,42,84,75,76,78,47,40,33,11,6,15,7,14
Serge Gnabry,23,1995-07-14,64800000.0,84,1.54320987654321e-07,1.54320987654321e-07,Germany,FC Bayern München,"RM, LM, LW",Right,4,4,High/Medium,175,75,Normal,"#Speedster, #Dribbler, #Acrobat",RW,22.0,RW,20.0,90.0,82.0,75.0,86.0,43.0,69.0,,,,,,,"Power Free-Kick, Selfish, Argues with Officials, Early Crosser, Crowd Favourite",76,81,44,79,83,87,70,62,69,83,92,89,86,82,88,86,64,74,69,81,63,38,82,77,68,78,45,42,45,14,10,10,9,7
Mohamed  Salah Ghaly,27,1992-06-15,108000000.0,90,1.4814814814814815e-07,1.4814814814814815e-07,Egypt,Liverpool,"RW, ST",Left,3,4,High/Medium,175,71,PLAYER_BODY_TYPE_25,"#Speedster, #Dribbler, #Acrobat, #Clinical Finisher, #Complete Forward",RW,11.0,RW,10.0,93.0,86.0,81.0,89.0,45.0,74.0,,,,,,,"Beat Offside Trap, Argues with Officials, Early Crosser, Speed Dribbler (CPU AI Only), Outside Foot Shot",79,90,59,84,79,89,83,69,75,89,94,92,91,92,88,80,69,85,73,84,63,55,92,84,77,91,38,43,41,14,14,9,11,14
Harry Kane,25,1993-07-28,108000000.0,89,1.3888888888888888e-07,1.3888888888888888e-07,England,Tottenham Hotspur,ST,Right,4,3,High/High,188,89,Normal,"#Engine, #Distance Shooter, #Clinical Finisher",ST,10.0,ST,9.0,70.0,91.0,79.0,81.0,47.0,83.0,,,,,,,"Injury Free, Avoids Using Weaker Foot, Argues with Officials, Giant Throw-in",75,94,86,81,85,80,78,68,83,84,68,72,71,91,73,90,79,87,84,86,78,35,93,81,90,91,56,36,38,8,10,11,14,11
Kai Havertz,20,1999-06-11,72900000.0,84,1.3717421124828532e-07,1.3717421124828532e-07,Germany,Bayer 04 Leverkusen,"CAM, RM",Left,4,4,Medium/Medium,188,83,Lean,,RF,29.0,SUB,23.0,84.0,78.0,79.0,84.0,44.0,65.0,,,,,,,"Beat Offside Trap, Leadership, Argues with Officials, Finesse Shot, Speed Dribbler (CPU AI Only), Crowd Favourite",73,81,74,85,80,84,79,53,78,87,77,89,78,82,73,73,69,82,65,75,41,38,83,82,69,84,39,46,38,6,8,11,10,12
Sadio Mané,27,1992-04-10,108000000.0,88,1.2962962962962964e-07,1.2962962962962964e-07,Senegal,Liverpool,"LW, LM",Right,4,4,High/Medium,175,69,Normal,"#Speedster, #Dribbler, #Acrobat",LW,10.0,,,94.0,83.0,77.0,89.0,44.0,74.0,,,,,,,"Selfish, Early Crosser",74,87,81,81,75,89,76,64,71,87,95,93,92,90,86,84,86,85,67,77,75,35,90,83,71,84,42,42,38,10,10,15,7,14
Raheem Sterling,24,1994-12-08,115200000.0,88,1.2152777777777777e-07,1.2152777777777777e-07,England,Manchester City,"RW, LW",Right,3,4,High/Medium,170,69,Lean,"#Speedster, #Dribbler, #Acrobat",LW,7.0,LW,10.0,93.0,79.0,78.0,89.0,45.0,57.0,,,,,,,"Selfish, Early Crosser",78,83,38,84,67,89,75,63,69,88,96,91,94,89,94,76,57,79,54,77,38,30,91,79,69,79,47,53,47,15,12,12,15,9
Trent Alexander-Arnold,20,1998-10-07,89100000.0,83,1.0101010101010101e-07,1.0101010101010101e-07,England,Liverpool,RB,Right,4,3,High/Medium,180,69,Lean,#Crosser,RB,66.0,SUB,14.0,80.0,62.0,82.0,78.0,78.0,70.0,,,,,,,"Dives Into Tackles (CPU AI Only), Leadership, Argues with Officials",88,56,68,81,50,76,82,80,82,82,79,81,74,82,74,76,66,83,62,63,73,79,73,78,55,75,76,83,79,14,15,14,6,7
Jadon Sancho,19,2000-03-25,105300000.0,84,9.49667616334283e-08,9.49667616334283e-08,England,Borussia Dortmund,"RM, LM",Right,4,5,Medium/Low,180,76,Lean,"#Dribbler, #Acrobat",RM,7.0,RW,21.0,88.0,72.0,77.0,90.0,36.0,60.0,,,,,,,"Beat Offside Trap, Selfish, Speed Dribbler (CPU AI Only), Crowd Favourite",78,78,37,83,80,92,81,48,59,88,89,87,91,84,90,68,51,77,59,62,43,29,78,83,57,80,32,45,34,7,11,10,11,13
Kylian Mbappé,20,1998-12-20,162000000.0,89,9.259259259259259e-08,9.259259259259259e-08,France,Paris Saint-Germain,"ST, RW",Right,4,5,High/Low,178,73,Normal,"#Speedster, #Dribbler, #Acrobat",RW,7.0,RM,10.0,96.0,84.0,78.0,90.0,39.0,75.0,,,,,,,"Beat Offside Trap, Selfish, Early Crosser, Speed Dribbler (CPU AI Only), Crowd Favourite",78,89,77,82,79,91,79,63,70,90,96,96,92,89,83,83,76,84,76,79,62,38,89,80,70,84,34,34,32,13,5,7,11,6
손흥민 孙兴慜,26,1992-07-08,,87,,,Korea Republic,Tottenham Hotspur,"CF, LM",Right,5,4,High/High,183,78,Lean,"#Dribbler, #Engine, #Distance Shooter, #Acrobat, #Clinical Finisher, #Complete Forward",LM,7.0,,,88.0,86.0,80.0,87.0,42.0,68.0,,,,,,,"Diver, Beat Offside Trap, Argues with Officials, Early Crosser",81,86,65,83,81,88,85,70,70,87,86,89,86,89,76,88,63,87,62,90,60,39,88,81,71,87,48,34,33,11,13,13,6,10
Jorge Resurrección Merodio,27,1992-01-08,,85,,,Spain,Atlético Madrid,"RM, LM, CM",Right,4,3,High/High,176,74,Normal,"#Engine, #Crosser",RM,6.0,SUB,8.0,68.0,75.0,86.0,82.0,74.0,79.0,,,,,,,"Finesse Shot, Giant Throw-in",86,72,61,89,56,82,85,76,87,85,70,67,71,87,80,84,63,92,75,81,79,79,82,85,59,84,74,78,64,14,12,5,10,13
Fábio Henrique Tavares,25,1993-10-23,,85,,,Brazil,Liverpool,CDM,Right,2,3,Medium/High,188,78,Lean,"#Tackling , #Tactician ",CDM,3.0,,,68.0,69.0,78.0,77.0,85.0,83.0,,,,,,,"Diver, Injury Prone, Leadership",75,66,75,83,47,76,71,53,82,82,67,69,66,84,66,78,75,88,81,65,85,88,70,78,91,84,84,86,85,13,12,6,8,8
José Paulo Bezzera Maciel Júnior,30,1988-07-25,,84,,,Brazil,Guangzhou Evergrande Taobao FC,"CM, CAM, CDM",Right,3,4,High/High,183,80,Lean,#Engine,LCM,8.0,,,72.0,81.0,77.0,80.0,78.0,85.0,,,,,,,"Long Throw-in, Injury Prone, Beat Offside Trap, Argues with Officials",64,81,85,83,75,80,66,72,80,84,74,71,70,82,72,83,92,92,82,80,81,80,84,79,71,81,75,79,75,16,16,11,6,8
Luís Miguel Afonso Fernandes,29,1989-10-06,,84,,,Portugal,SL Benfica,"RM, CM",Right,4,3,High/Medium,177,72,Normal,#Playmaker  ,RM,21.0,SUB,21.0,77.0,77.0,84.0,81.0,63.0,68.0,,,,,,,"Diver, Finesse Shot, Crowd Favourite",81,76,45,86,77,81,83,76,85,83,82,73,77,83,77,76,67,85,59,78,68,70,84,86,80,85,66,66,52,15,14,9,9,15
Mario Mandžukić,33,1986-05-21,,84,,,Croatia,Juventus,"ST, LW",Right,3,3,High/High,190,85,Lean,"#Aerial Threat, #Strength",ST,17.0,,,68.0,80.0,71.0,75.0,65.0,86.0,,,,,,,"Injury Prone, Selfish, Long Passer (CPU AI Only), Speed Dribbler (CPU AI Only), Skilled Dribbling",72,85,90,75,86,76,64,49,67,79,61,73,65,88,55,83,85,81,87,61,88,66,90,74,76,80,59,64,60,10,8,5,8,15
Képler Laveran Lima Ferreira,36,1983-02-26,,84,,,Portugal,FC Porto,CB,Right,3,2,Medium/High,188,81,Lean,,RCB,3.0,RCB,3.0,67.0,51.0,57.0,60.0,85.0,85.0,,,,,,,"Injury Prone, Avoids Using Weaker Foot",46,46,82,71,23,58,44,47,61,62,64,70,63,82,48,63,88,82,83,56,92,84,40,48,57,79,86,85,82,8,15,5,9,10
Ronaldo Jailson Cabrais Petri,27,1992-02-29,,83,,,Brazil,Grêmio,"RW, CAM",Right,4,4,High/Medium,177,75,Normal,,RM,10.0,RW,8.0,87.0,77.0,83.0,84.0,35.0,72.0,,,,,,,"Long Throw-in, Selfish, Argues with Officials, Crowd Favourite",83,74,64,83,76,85,86,78,82,83,88,87,85,84,76,82,64,86,70,78,62,40,82,83,77,81,24,35,33,12,12,13,15,13
Josué Durval Chiamulera Vaz,27,1992-02-29,,83,,,Brazil,Grêmio,CB,Right,3,2,Medium/Medium,185,80,Normal,,RCB,3.0,RCB,3.0,80.0,43.0,56.0,64.0,85.0,77.0,,,,,,,,40,38,83,74,44,56,45,49,61,70,83,78,77,85,68,53,69,76,73,41,88,84,38,42,56,71,85,87,82,16,15,13,15,10
Lourival Adnan Beretta Barbosa,27,1992-02-29,,83,,,Brazil,Atlético Mineiro,"ST, CF",Right,3,4,High/Low,188,83,Normal,#Strength,ST,9.0,ST,9.0,81.0,84.0,62.0,72.0,33.0,75.0,,,,,,,"Injury Free, Long Passer (CPU AI Only)",56,85,83,73,82,75,59,67,47,74,79,83,55,84,55,85,84,56,87,82,65,32,83,58,77,79,26,27,24,8,11,20,19,20
Anderson Souza Conceição,25,1994-02-01,,83,,,Brazil,Guangzhou Evergrande Taobao FC,"CAM, RW",Left,4,4,High/Low,190,80,Normal,#FK Specialist,RW,9.0,,,77.0,82.0,80.0,81.0,57.0,72.0,,,,,,,"Beat Offside Trap, Leadership, Argues with Officials, Finesse Shot",75,80,77,81,76,82,86,87,79,84,78,76,76,79,70,84,58,79,72,88,67,55,86,81,75,74,53,59,42,13,11,13,12,10
Oscar dos Santos Emboaba Júnior,27,1991-09-09,,83,,,Brazil,Shanghai SIPG FC,"CAM, CM",Right,3,4,High/Medium,181,71,Lean,#Acrobat,RCM,8.0,,,74.0,76.0,83.0,81.0,55.0,50.0,,,,,,,"Argues with Officials, Crowd Favourite",81,76,54,86,65,78,77,76,84,84,75,73,88,81,81,80,66,77,38,77,43,45,79,83,70,75,66,52,47,12,10,15,12,12
